﻿Image,Description
001.png,"One colonic polyp.One medium,irregular,smooth colonic polyp on the bottom left."
002.png,"One colonic polyp.One medium,irregular,smooth colonic polyp on the bottom left."
003.png,"One colonic polyp.One medium,irregular,smooth colonic polyp on the bottom left."
004.png,"One colonic polyp.One medium,irregular,smooth colonic polyp on the bottom left."
005.png,"One colonic polyp.One medium,irregular,smooth colonic polyp on the bottom left."
006.png,"One colonic polyp.One medium,irregular,smooth colonic polyp on the bottom left."
007.png,"One colonic polyp.One medium,irregular,smooth colonic polyp on the bottom left."
008.png,"One colonic polyp.One large,irregular,smooth colonic polyp on the bottom left."
009.png,"One colonic polyp.One large,irregular,smooth colonic polyp on the bottom left."
010.png,"One colonic polyp.One medium,cauliflower-shaped,partially smooth colonic polyp on the middle left."
011.png,"One colonic polyp.One medium,irregular,smooth colonic polyp on the top left."
012.png,"One colonic polyp.One medium,irregular,smooth colonic polyp on the bottom left."
013.png,"One colonic polyp.One medium,irregular,smooth colonic polyp on the bottom left."
015.png,"One colonic polyp.One large,irregular,smooth colonic polyp on the center."
016.png,"One colonic polyp.One small,irregular,smooth colonic polyp on the bottom right."
017.png,"One colonic polyp.One medium,irregular,smooth colonic polyp on the bottom right."
018.png,"One colonic polyp.One small,cauliflower-shaped,smooth colonic polyp on the bottom right."
019.png,"One colonic polyp.One medium,irregular,smooth colonic polyp on the bottom center."
020.png,"One colonic polyp.One medium,irregular,smooth colonic polyp on the bottom center."
022.png,"One colonic polyp.One large,irregular,smooth colonic polyp on the center."
023.png,"One colonic polyp.One medium,irregular,partially smooth colonic polyp on the bottom right."
024.png,"One colonic polyp.One medium,irregular,partially smooth colonic polyp on the bottom center."
026.png,"One colonic polyp.One small,elliptical,smooth colonic polyp on the top center."
027.png,"One colonic polyp.One small,elliptical,smooth colonic polyp on the top center."
028.png,"One colonic polyp.One small,elliptical,smooth colonic polyp on the top right."
029.png,"One colonic polyp.One small,cauliflower-shaped,smooth colonic polyp on the bottom right."
030.png,"One colonic polyp.One small,cauliflower-shaped,smooth colonic polyp on the top left."
032.png,"One colonic polyp.One small,cauliflower-shaped,smooth colonic polyp on the bottom center."
033.png,"One colonic polyp.One small,cauliflower-shaped,smooth colonic polyp on the bottom center."
034.png,"One colonic polyp.One small,cauliflower-shaped,smooth colonic polyp on the bottom right."
035.png,"One colonic polyp.One small,cauliflower-shaped,smooth colonic polyp on the center."
036.png,"One colonic polyp.One small,cauliflower-shaped,smooth colonic polyp on the top center."
037.png,"One colonic polyp.One small,cauliflower-shaped,smooth colonic polyp on the center."
038.png,"One colonic polyp.One small,cauliflower-shaped,smooth colonic polyp on the middle left."
039.png,"One colonic polyp.One small,cauliflower-shaped,smooth colonic polyp on the middle left."
040.png,"One colonic polyp.One small,cauliflower-shaped,smooth colonic polyp on the center."
041.png,"One colonic polyp.One small,cauliflower-shaped,smooth colonic polyp on the center."
043.png,"One colonic polyp.One small,cauliflower-shaped,smooth colonic polyp on the bottom left."
044.png,"One colonic polyp.One small,cauliflower-shaped,smooth colonic polyp on the top left."
045.png,"One colonic polyp.One small,cauliflower-shaped,smooth colonic polyp on the bottom right."
046.png,"One colonic polyp.One small,cauliflower-shaped,smooth colonic polyp on the center."
047.png,"One colonic polyp.One small,cauliflower-shaped,smooth colonic polyp on the center."
048.png,"One colonic polyp.One small,cauliflower-shaped,smooth colonic polyp on the top left."
049.png,"One colonic polyp.One small,elliptical,smooth colonic polyp on the bottom center."
051.png,"One colonic polyp.One small,circular,smooth colonic polyp on the center."
053.png,"One colonic polyp.One small,circular,smooth colonic polyp on the middle right."
054.png,"One colonic polyp.One small,circular,smooth colonic polyp on the middle right."
055.png,"One colonic polyp.One small,circular,smooth colonic polyp on the top right."
056.png,"One colonic polyp.One small,circular,smooth colonic polyp on the bottom right."
057.png,"One colonic polyp.One small,circular,smooth colonic polyp on the bottom right."
058.png,"One colonic polyp.One small,circular,smooth colonic polyp on the middle right."
059.png,"One colonic polyp.One small,circular,smooth colonic polyp on the bottom right."
060.png,"One colonic polyp.One small,circular,smooth colonic polyp on the top right."
062.png,"One colonic polyp.One small,circular,smooth colonic polyp on the bottom right."
063.png,"One colonic polyp.One small,circular,smooth colonic polyp on the middle right."
064.png,"One colonic polyp.One small,circular,smooth colonic polyp on the middle right."
067.png,"One colonic polyp.One small,circular,smooth colonic polyp on the bottom right."
068.png,"One colonic polyp.One small,irregular,smooth colonic polyp on the bottom left."
069.png,"One colonic polyp.One small,circular,smooth colonic polyp on the bottom left."
070.png,"Two colonic polyps.One small,irregular,smooth colonic polyp on the bottom left.One small,irregular,smooth colonic polyp on the center."
071.png,"Two colonic polyps.One small,elliptical,smooth colonic polyp on the bottom left.One small,circular,smooth colonic polyp on the middle left."
072.png,"Three colonic polyps.One small,elliptical,smooth colonic polyp on the bottom right.One small,cauliflower-shaped,smooth colonic polyp on the middle left.One small,circular,smooth colonic polyp on the top left."
074.png,"Three colonic polyps.One small,elliptical,smooth colonic polyp on the bottom right.One small,elliptical,smooth colonic polyp on the middle left.One small,circular,smooth colonic polyp on the top left."
075.png,"Three colonic polyps.One small,elliptical,smooth colonic polyp on the bottom right.One small,cauliflower-shaped,smooth colonic polyp on the middle left.One small,circular,smooth colonic polyp on the top left."
076.png,"Two colonic polyps.One small,elliptical,smooth colonic polyp on the bottom center.One small,elliptical,smooth colonic polyp on the bottom center."
077.png,"Two colonic polyps.One small,elliptical,smooth colonic polyp on the bottom center.One small,circular,smooth colonic polyp on the center."
078.png,"One colonic polyp.One small,elliptical,smooth colonic polyp on the bottom right."
079.png,"One colonic polyp.One small,elliptical,partially smooth colonic polyp on the middle left."
081.png,"One colonic polyp.One small,irregular,partially smooth colonic polyp on the top left."
082.png,"One colonic polyp.One small,elliptical,partially smooth colonic polyp on the middle left."
083.png,"One colonic polyp.One small,irregular,partially smooth colonic polyp on the middle left."
084.png,"One colonic polyp.One small,elliptical,partially smooth colonic polyp on the top left."
085.png,"One colonic polyp.One small,elliptical,partially smooth colonic polyp on the top left."
086.png,"One colonic polyp.One small,elliptical,partially smooth colonic polyp on the middle left."
087.png,"One colonic polyp.One small,elliptical,partially smooth colonic polyp on the top left."
088.png,"One colonic polyp.One small,circular,partially smooth colonic polyp on the middle left."
090.png,"One colonic polyp.One small,elliptical,partially smooth colonic polyp on the top left."
091.png,"One colonic polyp.One small,elliptical,partially smooth colonic polyp on the top left."
092.png,"One colonic polyp.One small,elliptical,partially smooth colonic polyp on the top center."
093.png,"One colonic polyp.One small,elliptical,partially smooth colonic polyp on the middle left."
094.png,"One colonic polyp.One small,elliptical,partially smooth colonic polyp on the top left."
095.png,"One colonic polyp.One small,elliptical,partially smooth colonic polyp on the top left."
096.png,"One colonic polyp.One small,elliptical,partially smooth colonic polyp on the top left."
097.png,"One colonic polyp.One small,irregular,partially smooth colonic polyp on the top left."
098.png,"One colonic polyp.One small,circular,smooth colonic polyp on the center."
099.png,"One colonic polyp.One small,circular,smooth colonic polyp on the middle left."
101.png,"One colonic polyp.One small,circular,smooth colonic polyp on the bottom center."
102.png,"One colonic polyp.One small,circular,smooth colonic polyp on the center."
103.png,"One colonic polyp.One small,circular,smooth colonic polyp on the center."
104.png,"One colonic polyp.One small,cauliflower-shaped,partially smooth colonic polyp on the middle right."
105.png,"One colonic polyp.One small,cauliflower-shaped,partially smooth colonic polyp on the middle right."
107.png,"One colonic polyp.One medium,irregular,partially smooth colonic polyp on the center."
108.png,"One colonic polyp.One medium,irregular,smooth colonic polyp on the center."
109.png,"One colonic polyp.One medium,irregular,smooth colonic polyp on the center."
110.png,"One colonic polyp.One medium,irregular,partially smooth colonic polyp on the center."
111.png,"One colonic polyp.One medium,irregular,partially smooth colonic polyp on the center."
112.png,"One colonic polyp.One medium,irregular,partially smooth colonic polyp on the center."
113.png,"One colonic polyp.One medium,irregular,partially smooth colonic polyp on the center."
114.png,"One colonic polyp.One medium,irregular,partially smooth colonic polyp on the middle right."
115.png,"One colonic polyp.One medium,irregular,smooth colonic polyp on the middle right."
116.png,"One colonic polyp.One medium,irregular,smooth colonic polyp on the middle right."
117.png,"One colonic polyp.One medium,irregular,smooth colonic polyp on the middle right."
118.png,"One colonic polyp.One medium,irregular,smooth colonic polyp on the middle right."
120.png,"One colonic polyp.One medium,irregular,smooth colonic polyp on the middle right."
121.png,"One colonic polyp.One medium,irregular,smooth colonic polyp on the middle right."
122.png,"One colonic polyp.One medium,irregular,smooth colonic polyp on the middle right."
123.png,"One colonic polyp.One medium,irregular,smooth colonic polyp on the middle right."
124.png,"One colonic polyp.One medium,irregular,smooth colonic polyp on the middle right."
125.png,"One colonic polyp.One small,irregular,smooth colonic polyp on the top right."
126.png,"One colonic polyp.One small,irregular,smooth colonic polyp on the top right."
127.png,"One colonic polyp.One small,elliptical,smooth colonic polyp on the bottom right."
128.png,"One colonic polyp.One small,elliptical,smooth colonic polyp on the bottom right."
129.png,"One colonic polyp.One small,elliptical,smooth colonic polyp on the bottom right."
130.png,"One colonic polyp.One small,elliptical,smooth colonic polyp on the center."
131.png,"One colonic polyp.One small,elliptical,smooth colonic polyp on the top center."
132.png,"One colonic polyp.One small,elliptical,smooth colonic polyp on the bottom left."
133.png,"One colonic polyp.One small,elliptical,smooth colonic polyp on the bottom left."
135.png,"One colonic polyp.One medium,irregular,smooth colonic polyp on the bottom right."
136.png,"One colonic polyp.One medium,elliptical,smooth colonic polyp on the bottom center."
137.png,"One colonic polyp.One medium,irregular,smooth colonic polyp on the bottom center."
138.png,"One colonic polyp.One medium,circular,smooth colonic polyp on the bottom right."
139.png,"One colonic polyp.One medium,circular,partially smooth colonic polyp on the bottom right."
140.png,"One colonic polyp.One medium,circular,partially smooth colonic polyp on the middle right."
141.png,"One colonic polyp.One large,circular,smooth colonic polyp on the top right."
142.png,"One colonic polyp.One medium,circular,smooth colonic polyp on the top left."
143.png,"One colonic polyp.One small,elliptical,smooth colonic polyp on the bottom right."
144.png,"One colonic polyp.One medium,elliptical,smooth colonic polyp on the middle right."
145.png,"One colonic polyp.One medium,elliptical,smooth colonic polyp on the top left."
146.png,"One colonic polyp.One medium,elliptical,smooth colonic polyp on the top left."
147.png,"One colonic polyp.One medium,elliptical,smooth colonic polyp on the center."
149.png,"One colonic polyp.One small,elliptical,smooth colonic polyp on the bottom center."
150.png,"One colonic polyp.One small,elliptical,smooth colonic polyp on the bottom center."
151.png,"One colonic polyp.One small,elliptical,smooth colonic polyp on the bottom left."
152.png,"One colonic polyp.One medium,elliptical,smooth colonic polyp on the bottom right."
153.png,"One colonic polyp.One small,elliptical,smooth colonic polyp on the top center."
155.png,"One colonic polyp.One small,elliptical,smooth colonic polyp on the top left."
156.png,"One colonic polyp.One small,elliptical,smooth colonic polyp on the middle left."
157.png,"One colonic polyp.One small,elliptical,smooth colonic polyp on the top center."
158.png,"One colonic polyp.One small,elliptical,smooth colonic polyp on the top left."
159.png,"One colonic polyp.One small,elliptical,smooth colonic polyp on the top left."
160.png,"One colonic polyp.One small,elliptical,smooth colonic polyp on the top left."
161.png,"One colonic polyp.One small,elliptical,smooth colonic polyp on the top left."
162.png,"One colonic polyp.One small,elliptical,smooth colonic polyp on the top left."
164.png,"One colonic polyp.One small,elliptical,smooth colonic polyp on the top left."
165.png,"One colonic polyp.One small,elliptical,smooth colonic polyp on the top left."
167.png,"One colonic polyp.One small,cauliflower-shaped,smooth colonic polyp on the top left."
168.png,"One colonic polyp.One small,elliptical,smooth colonic polyp on the top left."
169.png,"One colonic polyp.One small,cauliflower-shaped,smooth colonic polyp on the top center."
170.png,"One colonic polyp.One small,cauliflower-shaped,smooth colonic polyp on the top center."
172.png,"One colonic polyp.One small,circular,smooth colonic polyp on the top center."
173.png,"One colonic polyp.One medium,irregular,smooth colonic polyp on the middle left."
174.png,"One colonic polyp.One medium,irregular,smooth colonic polyp on the center."
175.png,"One colonic polyp.One medium,irregular,smooth colonic polyp on the bottom left."
176.png,"One colonic polyp.One medium,irregular,partially smooth colonic polyp on the middle left."
177.png,"One colonic polyp.One small,irregular,partially smooth colonic polyp on the bottom left."
178.png,"One colonic polyp.One small,circular,smooth colonic polyp on the top right."
180.png,"One colonic polyp.One small,circular,smooth colonic polyp on the bottom right."
182.png,"One colonic polyp.One small,circular,smooth colonic polyp on the middle right."
183.png,"One colonic polyp.One small,circular,smooth colonic polyp on the middle right."
184.png,"One colonic polyp.One small,circular,smooth colonic polyp on the center."
186.png,"One colonic polyp.One small,circular,smooth colonic polyp on the center."
187.png,"One colonic polyp.One small,circular,smooth colonic polyp on the center."
188.png,"One colonic polyp.One small,circular,smooth colonic polyp on the center."
189.png,"One colonic polyp.One small,circular,smooth colonic polyp on the center."
190.png,"One colonic polyp.One small,circular,smooth colonic polyp on the center."
192.png,"One colonic polyp.One small,circular,smooth colonic polyp on the top right."
193.png,"One colonic polyp.One small,circular,smooth colonic polyp on the middle right."
194.png,"One colonic polyp.One small,circular,smooth colonic polyp on the center."
195.png,"One colonic polyp.One small,circular,smooth colonic polyp on the center."
196.png,"One colonic polyp.One small,circular,smooth colonic polyp on the center."
197.png,"One colonic polyp.One small,circular,smooth colonic polyp on the middle right."
198.png,"One colonic polyp.One small,circular,smooth colonic polyp on the middle right."
199.png,"One colonic polyp.One small,circular,smooth colonic polyp on the middle right."
200.png,"One colonic polyp.One small,circular,smooth colonic polyp on the center."
201.png,"One colonic polyp.One small,circular,smooth colonic polyp on the center."
202.png,"One colonic polyp.One small,circular,smooth colonic polyp on the center."
203.png,"One colonic polyp.One small,circular,smooth colonic polyp on the middle right."
204.png,"One colonic polyp.One small,circular,smooth colonic polyp on the middle right."
206.png,"One colonic polyp.One small,irregular,smooth colonic polyp on the bottom center."
207.png,"One colonic polyp.One small,irregular,smooth colonic polyp on the bottom center."
208.png,"One colonic polyp.One small,irregular,smooth colonic polyp on the bottom center."
209.png,"One colonic polyp.One small,irregular,smooth colonic polyp on the bottom right."
210.png,"One colonic polyp.One large,irregular,smooth colonic polyp on the bottom center."
211.png,"One colonic polyp.One large,irregular,smooth colonic polyp on the bottom center."
212.png,"One colonic polyp.One medium,irregular,smooth colonic polyp on the bottom center."
213.png,"One colonic polyp.One medium,irregular,smooth colonic polyp on the center."
214.png,"One colonic polyp.One medium,irregular,smooth colonic polyp on the bottom center."
215.png,"One colonic polyp.One small,irregular,smooth colonic polyp on the bottom center."
216.png,"One colonic polyp.One small,irregular,smooth colonic polyp on the bottom center."
217.png,"One colonic polyp.One small,cauliflower-shaped,smooth colonic polyp on the center."
218.png,"One colonic polyp.One small,cauliflower-shaped,smooth colonic polyp on the bottom center."
219.png,"One colonic polyp.One small,irregular,smooth colonic polyp on the bottom center."
220.png,"One colonic polyp.One small,cauliflower-shaped,smooth colonic polyp on the bottom right."
221.png,"One colonic polyp.One small,irregular,smooth colonic polyp on the bottom right."
222.png,"One colonic polyp.One small,cauliflower-shaped,smooth colonic polyp on the bottom right."
223.png,"One colonic polyp.One small,cauliflower-shaped,smooth colonic polyp on the bottom center."
224.png,"One colonic polyp.One small,cauliflower-shaped,smooth colonic polyp on the bottom center."
225.png,"One colonic polyp.One small,cauliflower-shaped,smooth colonic polyp on the bottom center."
226.png,"One colonic polyp.One small,cauliflower-shaped,smooth colonic polyp on the bottom left."
227.png,"One colonic polyp.One small,cauliflower-shaped,smooth colonic polyp on the bottom center."
228.png,"One colonic polyp.One small,irregular,smooth colonic polyp on the center."
229.png,"One colonic polyp.One small,irregular,smooth colonic polyp on the center."
230.png,"One colonic polyp.One medium,irregular,smooth colonic polyp on the center."
231.png,"One colonic polyp.One medium,irregular,smooth colonic polyp on the center."
232.png,"One colonic polyp.One medium,irregular,smooth colonic polyp on the center."
233.png,"One colonic polyp.One medium,irregular,smooth colonic polyp on the center."
234.png,"One colonic polyp.One medium,irregular,smooth colonic polyp on the center."
235.png,"One colonic polyp.One medium,irregular,smooth colonic polyp on the center."
236.png,"One colonic polyp.One medium,irregular,smooth colonic polyp on the bottom center."
237.png,"One colonic polyp.One medium,irregular,smooth colonic polyp on the center."
238.png,"One colonic polyp.One medium,irregular,smooth colonic polyp on the center."
239.png,"One colonic polyp.One medium,irregular,smooth colonic polyp on the center."
241.png,"One colonic polyp.One medium,irregular,smooth colonic polyp on the center."
242.png,"One colonic polyp.One medium,irregular,smooth colonic polyp on the bottom left."
243.png,"One colonic polyp.One small,irregular,smooth colonic polyp on the center."
244.png,"One colonic polyp.One small,irregular,smooth colonic polyp on the center."
245.png,"One colonic polyp.One small,irregular,smooth colonic polyp on the center."
246.png,"One colonic polyp.One small,irregular,smooth colonic polyp on the middle left."
247.png,"One colonic polyp.One medium,irregular,smooth colonic polyp on the middle left."
248.png,"One colonic polyp.One medium,elliptical,smooth colonic polyp on the middle left."
249.png,"One colonic polyp.One medium,elliptical,smooth colonic polyp on the middle left."
250.png,"One colonic polyp.One small,elliptical,smooth colonic polyp on the middle left."
252.png,"One colonic polyp.One small,elliptical,smooth colonic polyp on the middle left."
253.png,"One colonic polyp.One medium,cauliflower-shaped,partially smooth colonic polyp on the center."
254.png,"One colonic polyp.One medium,cauliflower-shaped,partially smooth colonic polyp on the bottom left."
255.png,"One colonic polyp.One medium,cauliflower-shaped,partially smooth colonic polyp on the bottom left."
256.png,"One colonic polyp.One medium,cauliflower-shaped,partially smooth colonic polyp on the bottom left."
257.png,"One colonic polyp.One medium,cauliflower-shaped,partially smooth colonic polyp on the bottom left."
258.png,"One colonic polyp.One medium,cauliflower-shaped,partially smooth colonic polyp on the bottom left."
259.png,"One colonic polyp.One medium,cauliflower-shaped,partially smooth colonic polyp on the bottom left."
260.png,"One colonic polyp.One medium,cauliflower-shaped,partially smooth colonic polyp on the bottom left."
261.png,"One colonic polyp.One medium,cauliflower-shaped,partially smooth colonic polyp on the bottom center."
262.png,"One colonic polyp.One medium,cauliflower-shaped,partially smooth colonic polyp on the bottom center."
263.png,"One colonic polyp.One small,irregular,partially smooth colonic polyp on the bottom left."
264.png,"One colonic polyp.One medium,cauliflower-shaped,partially smooth colonic polyp on the bottom left."
265.png,"One colonic polyp.One medium,cauliflower-shaped,partially smooth colonic polyp on the bottom left."
267.png,"One colonic polyp.One medium,cauliflower-shaped,partially smooth colonic polyp on the center."
268.png,"One colonic polyp.One medium,cauliflower-shaped,partially smooth colonic polyp on the center."
269.png,"One colonic polyp.One medium,irregular,partially smooth colonic polyp on the bottom left."
270.png,"One colonic polyp.One medium,irregular,partially smooth colonic polyp on the bottom left."
271.png,"One colonic polyp.One medium,irregular,partially smooth colonic polyp on the bottom left."
272.png,"One colonic polyp.One large,irregular,partially smooth colonic polyp on the center."
273.png,"One colonic polyp.One large,irregular,partially smooth colonic polyp on the center."
274.png,"One colonic polyp.One large,irregular,partially smooth colonic polyp on the center."
275.png,"One colonic polyp.One medium,cauliflower-shaped,partially smooth colonic polyp on the bottom center."
276.png,"One colonic polyp.One medium,cauliflower-shaped,partially smooth colonic polyp on the bottom left."
277.png,"One colonic polyp.One medium,irregular,partially smooth colonic polyp on the bottom center."
278.png,"One colonic polyp.One small,elliptical,smooth colonic polyp on the bottom center."
280.png,"One colonic polyp.One small,elliptical,smooth colonic polyp on the center."
281.png,"One colonic polyp.One small,elliptical,smooth colonic polyp on the center."
282.png,"One colonic polyp.One small,elliptical,smooth colonic polyp on the center."
283.png,"One colonic polyp.One small,elliptical,smooth colonic polyp on the top center."
284.png,"One colonic polyp.One small,elliptical,smooth colonic polyp on the middle right."
285.png,"One colonic polyp.One small,elliptical,smooth colonic polyp on the top right."
286.png,"One colonic polyp.One small,elliptical,smooth colonic polyp on the center."
288.png,"One colonic polyp.One small,elliptical,smooth colonic polyp on the middle left."
289.png,"One colonic polyp.One small,circular,smooth colonic polyp on the top left."
290.png,"One colonic polyp.One small,circular,smooth colonic polyp on the middle left."
291.png,"One colonic polyp.One small,elliptical,smooth colonic polyp on the center."
292.png,"One colonic polyp.One small,elliptical,smooth colonic polyp on the center."
293.png,"One colonic polyp.One small,elliptical,smooth colonic polyp on the center."
294.png,"One colonic polyp.One small,circular,smooth colonic polyp on the center."
295.png,"One colonic polyp.One small,circular,smooth colonic polyp on the top center."
296.png,"One colonic polyp.One small,elliptical,smooth colonic polyp on the center."
297.png,"One colonic polyp.One small,elliptical,smooth colonic polyp on the bottom center."
298.png,"One colonic polyp.One small,irregular,smooth colonic polyp on the middle right."
299.png,"One colonic polyp.One small,elliptical,smooth colonic polyp on the middle right."
301.png,"One colonic polyp.One small,irregular,smooth colonic polyp on the bottom center."
302.png,"One colonic polyp.One small,irregular,smooth colonic polyp on the middle right."
303.png,"One colonic polyp.One small,irregular,smooth colonic polyp on the top right."
304.png,"One colonic polyp.One small,irregular,smooth colonic polyp on the middle right."
305.png,"One colonic polyp.One small,irregular,smooth colonic polyp on the middle right."
306.png,"One colonic polyp.One medium,irregular,smooth colonic polyp on the center."
308.png,"One colonic polyp.One medium,circular,smooth colonic polyp on the bottom center."
309.png,"One colonic polyp.One small,circular,smooth colonic polyp on the bottom left."
310.png,"One colonic polyp.One small,elliptical,smooth colonic polyp on the bottom right."
311.png,"One colonic polyp.One small,elliptical,smooth colonic polyp on the bottom center."
312.png,"One colonic polyp.One small,elliptical,smooth colonic polyp on the bottom right."
313.png,"One colonic polyp.One small,irregular,smooth colonic polyp on the bottom right."
314.png,"One colonic polyp.One small,irregular,smooth colonic polyp on the bottom right."
315.png,"One colonic polyp.One medium,irregular,smooth colonic polyp on the bottom right."
316.png,"One colonic polyp.One large,irregular,smooth colonic polyp on the bottom right."
317.png,"One colonic polyp.One medium,irregular,smooth colonic polyp on the middle right."
318.png,"One colonic polyp.One small,elliptical,smooth colonic polyp on the bottom center."
319.png,"One colonic polyp.One small,elliptical,smooth colonic polyp on the center."
320.png,"One colonic polyp.One small,elliptical,smooth colonic polyp on the bottom center."
321.png,"One colonic polyp.One small,circular,smooth colonic polyp on the center."
322.png,"One colonic polyp.One small,circular,smooth colonic polyp on the top center."
323.png,"One colonic polyp.One small,circular,smooth colonic polyp on the center."
324.png,"One colonic polyp.One small,circular,smooth colonic polyp on the bottom center."
325.png,"One colonic polyp.One small,circular,smooth colonic polyp on the center."
326.png,"One colonic polyp.One small,circular,smooth colonic polyp on the center."
327.png,"One colonic polyp.One small,circular,smooth colonic polyp on the bottom left."
328.png,"One colonic polyp.One small,circular,smooth colonic polyp on the bottom left."
329.png,"One colonic polyp.One small,elliptical,smooth colonic polyp on the bottom left."
330.png,"One colonic polyp.One small,circular,smooth colonic polyp on the top left."
331.png,"One colonic polyp.One small,circular,smooth colonic polyp on the top left."
332.png,"One colonic polyp.One small,circular,smooth colonic polyp on the middle left."
333.png,"One colonic polyp.One small,circular,smooth colonic polyp on the middle left."
334.png,"One colonic polyp.One small,circular,smooth colonic polyp on the bottom center."
335.png,"One colonic polyp.One small,elliptical,smooth colonic polyp on the bottom center."
336.png,"One colonic polyp.One small,elliptical,smooth colonic polyp on the bottom center."
337.png,"One colonic polyp.One small,elliptical,smooth colonic polyp on the bottom center."
338.png,"One colonic polyp.One small,circular,smooth colonic polyp on the top left."
339.png,"One colonic polyp.One small,elliptical,smooth colonic polyp on the bottom center."
340.png,"One colonic polyp.One small,circular,smooth colonic polyp on the bottom center."
341.png,"One colonic polyp.One small,circular,smooth colonic polyp on the bottom center."
342.png,"One colonic polyp.One small,circular,smooth colonic polyp on the middle left."
343.png,"One colonic polyp.One small,irregular,smooth colonic polyp on the bottom center."
344.png,"One colonic polyp.One medium,irregular,smooth colonic polyp on the bottom center."
345.png,"One colonic polyp.One small,irregular,smooth colonic polyp on the bottom center."
346.png,"One colonic polyp.One small,irregular,smooth colonic polyp on the bottom center."
347.png,"One colonic polyp.One small,elliptical,smooth colonic polyp on the bottom center."
348.png,"One colonic polyp.One medium,irregular,smooth colonic polyp on the bottom left."
350.png,"One colonic polyp.One medium,irregular,smooth colonic polyp on the middle left."
351.png,"One colonic polyp.One small,irregular,smooth colonic polyp on the middle left."
352.png,"One colonic polyp.One small,irregular,smooth colonic polyp on the center."
354.png,"One colonic polyp.One small,irregular,smooth colonic polyp on the bottom left."
355.png,"One colonic polyp.One small,irregular,smooth colonic polyp on the center."
356.png,"One colonic polyp.One small,irregular,smooth colonic polyp on the center."
357.png,"One colonic polyp.One medium,irregular,smooth colonic polyp on the bottom left."
358.png,"One colonic polyp.One medium,irregular,smooth colonic polyp on the bottom left."
359.png,"One colonic polyp.One medium,irregular,smooth colonic polyp on the bottom left."
360.png,"One colonic polyp.One medium,irregular,smooth colonic polyp on the bottom left."
361.png,"One colonic polyp.One medium,irregular,smooth colonic polyp on the bottom left."
362.png,"One colonic polyp.One small,irregular,smooth colonic polyp on the bottom left."
363.png,"One colonic polyp.One small,elliptical,smooth colonic polyp on the bottom center."
364.png,"One colonic polyp.One small,elliptical,smooth colonic polyp on the bottom right."
365.png,"One colonic polyp.One small,elliptical,smooth colonic polyp on the bottom right."
366.png,"One colonic polyp.One small,elliptical,smooth colonic polyp on the bottom right."
367.png,"One colonic polyp.One small,elliptical,smooth colonic polyp on the bottom right."
368.png,"One colonic polyp.One small,elliptical,smooth colonic polyp on the bottom right."
369.png,"One colonic polyp.One small,circular,smooth colonic polyp on the bottom right."
370.png,"One colonic polyp.One small,circular,smooth colonic polyp on the bottom center."
371.png,"One colonic polyp.One small,circular,smooth colonic polyp on the bottom center."
372.png,"One colonic polyp.One small,circular,smooth colonic polyp on the bottom center."
373.png,"One colonic polyp.One small,circular,smooth colonic polyp on the bottom center."
375.png,"One colonic polyp.One small,elliptical,smooth colonic polyp on the center."
376.png,"One colonic polyp.One small,elliptical,smooth colonic polyp on the center."
377.png,"One colonic polyp.One small,elliptical,smooth colonic polyp on the center."
378.png,"One colonic polyp.One small,elliptical,smooth colonic polyp on the center."
379.png,"One colonic polyp.One small,circular,smooth colonic polyp on the bottom center."
380.png,"One colonic polyp.One small,elliptical,smooth colonic polyp on the bottom center."
382.png,"One colonic polyp.One small,elliptical,smooth colonic polyp on the bottom center."
383.png,"One colonic polyp.One small,circular,smooth colonic polyp on the bottom center."
384.png,"One colonic polyp.One large,irregular,smooth colonic polyp on the middle right."
385.png,"One colonic polyp.One large,irregular,smooth colonic polyp on the middle right."
386.png,"One colonic polyp.One large,irregular,smooth colonic polyp on the middle right."
387.png,"One colonic polyp.One large,irregular,smooth colonic polyp on the middle right."
389.png,"One colonic polyp.One large,irregular,smooth colonic polyp on the middle right."
390.png,"One colonic polyp.One medium,irregular,partially smooth colonic polyp on the middle right."
391.png,"One colonic polyp.One small,irregular,partially smooth colonic polyp on the top right."
392.png,"One colonic polyp.One small,irregular,partially smooth colonic polyp on the top right."
393.png,"One colonic polyp.One small,irregular,partially smooth colonic polyp on the top right."
394.png,"One colonic polyp.One small,irregular,partially smooth colonic polyp on the top right."
395.png,"One colonic polyp.One small,irregular,partially smooth colonic polyp on the top right."
396.png,"One colonic polyp.One small,irregular,partially smooth colonic polyp on the top right."
398.png,"One colonic polyp.One medium,irregular,partially smooth colonic polyp on the middle right."
399.png,"One colonic polyp.One small,irregular,partially smooth colonic polyp on the top right."
401.png,"One colonic polyp.One small,irregular,smooth colonic polyp on the middle right."
402.png,"One colonic polyp.One small,irregular,smooth colonic polyp on the middle right."
403.png,"One colonic polyp.One small,irregular,partially smooth colonic polyp on the middle right."
405.png,"One colonic polyp.One small,elliptical,partially smooth colonic polyp on the middle right."
406.png,"One colonic polyp.One small,elliptical,partially smooth colonic polyp on the middle right."
407.png,"One colonic polyp.One small,elliptical,partially smooth colonic polyp on the middle right."
408.png,"One colonic polyp.One small,elliptical,smooth colonic polyp on the bottom right."
409.png,"One colonic polyp.One large,cauliflower-shaped,ulcerated colonic polyp on the top left."
410.png,"One colonic polyp.One small,irregular,ulcerated colonic polyp on the top center."
411.png,"One colonic polyp.One small,elliptical,ulcerated colonic polyp on the top left."
412.png,"One colonic polyp.One small,elliptical,ulcerated colonic polyp on the top left."
413.png,"One colonic polyp.One small,irregular,ulcerated colonic polyp on the top left."
414.png,"One colonic polyp.One large,irregular,ulcerated colonic polyp on the middle left."
415.png,"One colonic polyp.One medium,irregular,ulcerated colonic polyp on the middle left."
416.png,"One colonic polyp.One medium,irregular,ulcerated colonic polyp on the top left."
417.png,"One colonic polyp.One medium,irregular,ulcerated colonic polyp on the top left."
418.png,"One colonic polyp.One small,irregular,ulcerated colonic polyp on the top left."
419.png,"One colonic polyp.One medium,irregular,ulcerated colonic polyp on the top left."
420.png,"One colonic polyp.One medium,irregular,ulcerated colonic polyp on the top left."
421.png,"One colonic polyp.One medium,irregular,ulcerated colonic polyp on the top left."
422.png,"One colonic polyp.One large,circular,ulcerated colonic polyp on the middle left."
423.png,"One colonic polyp.One medium,irregular,ulcerated colonic polyp on the top left."
424.png,"One colonic polyp.One small,circular,smooth colonic polyp on the bottom left."
426.png,"One colonic polyp.One small,irregular,ulcerated colonic polyp on the top left."
427.png,"One colonic polyp.One small,irregular,ulcerated colonic polyp on the top right."
428.png,"One colonic polyp.One small,irregular,ulcerated colonic polyp on the top center."
430.png,"One colonic polyp.One small,elliptical,smooth colonic polyp on the center."
432.png,"One colonic polyp.One small,elliptical,smooth colonic polyp on the center."
433.png,"One colonic polyp.One small,elliptical,smooth colonic polyp on the center."
434.png,"One colonic polyp.One small,elliptical,smooth colonic polyp on the center."
435.png,"One colonic polyp.One small,elliptical,smooth colonic polyp on the center."
436.png,"One colonic polyp.One small,elliptical,smooth colonic polyp on the center."
437.png,"One colonic polyp.One small,elliptical,smooth colonic polyp on the center."
438.png,"One colonic polyp.One medium,elliptical,smooth colonic polyp on the top right."
439.png,"One colonic polyp.One small,elliptical,smooth colonic polyp on the bottom left."
440.png,"One colonic polyp.One small,elliptical,smooth colonic polyp on the bottom left."
441.png,"One colonic polyp.One small,irregular,smooth colonic polyp on the center."
443.png,"One colonic polyp.One small,irregular,smooth colonic polyp on the middle right."
444.png,"One colonic polyp.One small,irregular,smooth colonic polyp on the bottom center."
445.png,"One colonic polyp.One medium,irregular,smooth colonic polyp on the center."
446.png,"One colonic polyp.One medium,irregular,smooth colonic polyp on the center."
447.png,"One colonic polyp.One small,irregular,smooth colonic polyp on the center."
448.png,"One colonic polyp.One small,elliptical,smooth colonic polyp on the top center."
449.png,"One colonic polyp.One small,elliptical,smooth colonic polyp on the center."
450.png,"One colonic polyp.One small,elliptical,smooth colonic polyp on the top right."
451.png,"One colonic polyp.One small,circular,smooth colonic polyp on the top right."
452.png,"One colonic polyp.One small,circular,smooth colonic polyp on the center."
454.png,"One colonic polyp.One small,elliptical,smooth colonic polyp on the top center."
455.png,"One colonic polyp.One small,elliptical,smooth colonic polyp on the top center."
456.png,"One colonic polyp.One small,elliptical,smooth colonic polyp on the top center."
457.png,"One colonic polyp.One small,circular,smooth colonic polyp on the center."
458.png,"One colonic polyp.One small,irregular,smooth colonic polyp on the center."
460.png,"One colonic polyp.One small,irregular,smooth colonic polyp on the middle right."
461.png,"One colonic polyp.One small,elliptical,smooth colonic polyp on the top right."
462.png,"One colonic polyp.One small,elliptical,smooth colonic polyp on the center."
463.png,"One colonic polyp.One small,elliptical,smooth colonic polyp on the center."
465.png,"One colonic polyp.One small,elliptical,smooth colonic polyp on the bottom center."
466.png,"One colonic polyp.One small,elliptical,smooth colonic polyp on the top center."
467.png,"One colonic polyp.One small,irregular,smooth colonic polyp on the center."
468.png,"One colonic polyp.One small,irregular,smooth colonic polyp on the top center."
469.png,"One colonic polyp.One small,irregular,smooth colonic polyp on the center."
470.png,"One colonic polyp.One small,irregular,smooth colonic polyp on the bottom center."
471.png,"One colonic polyp.One small,irregular,smooth colonic polyp on the center."
472.png,"One colonic polyp.One medium,irregular,smooth colonic polyp on the center."
473.png,"One colonic polyp.One medium,irregular,smooth colonic polyp on the top center."
475.png,"One colonic polyp.One medium,irregular,smooth colonic polyp on the center."
476.png,"One colonic polyp.One medium,irregular,smooth colonic polyp on the bottom center."
477.png,"One colonic polyp.One medium,irregular,smooth colonic polyp on the bottom center."
478.png,"One colonic polyp.One medium,irregular,smooth colonic polyp on the bottom center."
479.png,"One colonic polyp.One medium,circular,partially smooth colonic polyp on the center."
480.png,"One colonic polyp.One medium,irregular,partially smooth colonic polyp on the center."
482.png,"One colonic polyp.One medium,circular,partially smooth colonic polyp on the center."
484.png,"One colonic polyp.One medium,circular,partially smooth colonic polyp on the center."
485.png,"One colonic polyp.One medium,circular,partially smooth colonic polyp on the center."
486.png,"One colonic polyp.One small,circular,smooth colonic polyp on the bottom center."
487.png,"One colonic polyp.One small,elliptical,smooth colonic polyp on the bottom center."
488.png,"One colonic polyp.One small,elliptical,smooth colonic polyp on the bottom center."
489.png,"One colonic polyp.One large,irregular,smooth colonic polyp on the middle left."
490.png,"One colonic polyp.One large,irregular,smooth colonic polyp on the center."
491.png,"One colonic polyp.One medium,irregular,partially smooth colonic polyp on the top center."
493.png,"One colonic polyp.One medium,irregular,partially smooth colonic polyp on the bottom center."
494.png,"One colonic polyp.One medium,irregular,smooth colonic polyp on the bottom right."
495.png,"One colonic polyp.One medium,circular,smooth colonic polyp on the bottom center."
496.png,"One colonic polyp.One medium,circular,smooth colonic polyp on the bottom center."
497.png,"One colonic polyp.One large,circular,smooth colonic polyp on the center."
498.png,"One colonic polyp.One large,circular,partially smooth colonic polyp on the center."
499.png,"One colonic polyp.One large,circular,partially smooth colonic polyp on the center."
500.png,"One colonic polyp.One medium,circular,colonic polyp on the center."
501.png,"One colonic polyp.One medium,irregular,partially smooth colonic polyp on the bottom center."
502.png,"One colonic polyp.One medium,circular,partially smooth colonic polyp on the bottom center."
503.png,"One colonic polyp.One medium,irregular,partially smooth colonic polyp on the bottom center."
504.png,"One colonic polyp.One small,circular,ulcerated colonic polyp on the bottom left."
505.png,"One colonic polyp.One medium,circular,ulcerated colonic polyp on the middle left."
506.png,"One colonic polyp.One large,irregular,partially smooth colonic polyp on the middle left."
507.png,"One colonic polyp.One large,irregular,ulcerated colonic polyp on the bottom center."
508.png,"One colonic polyp.One medium,circular,ulcerated colonic polyp on the center."
509.png,"One colonic polyp.One medium,elliptical,ulcerated colonic polyp on the center."
510.png,"One colonic polyp.One medium,elliptical,ulcerated colonic polyp on the middle right."
511.png,"One colonic polyp.One small,elliptical,ulcerated colonic polyp on the middle left."
512.png,"One colonic polyp.One small,irregular,ulcerated colonic polyp on the bottom center."
513.png,"One colonic polyp.One small,irregular,ulcerated colonic polyp on the center."
514.png,"One colonic polyp.One small,irregular,ulcerated colonic polyp on the middle right."
515.png,"One colonic polyp.One small,irregular,ulcerated colonic polyp on the center."
516.png,"One colonic polyp.One small,elliptical,ulcerated colonic polyp on the center."
517.png,"One colonic polyp.One small,cauliflower-shaped,ulcerated colonic polyp on the bottom left."
518.png,"One colonic polyp.One small,cauliflower-shaped,ulcerated colonic polyp on the bottom left."
519.png,"One colonic polyp.One medium,circular,ulcerated colonic polyp on the bottom center."
520.png,"One colonic polyp.One medium,cauliflower-shaped,ulcerated colonic polyp on the bottom left."
521.png,"One colonic polyp.One small,cauliflower-shaped,ulcerated colonic polyp on the center."
522.png,"One colonic polyp.One small,irregular,ulcerated colonic polyp on the middle left."
523.png,"One colonic polyp.One small,circular,ulcerated colonic polyp on the bottom left."
524.png,"One colonic polyp.One medium,elliptical,ulcerated colonic polyp on the bottom center."
525.png,"One colonic polyp.One small,irregular,ulcerated colonic polyp on the bottom center."
527.png,"One colonic polyp.One small,cauliflower-shaped,ulcerated colonic polyp on the bottom center."
528.png,"One colonic polyp.One small,irregular,ulcerated colonic polyp on the center."
530.png,"One colonic polyp.One small,elliptical,smooth colonic polyp on the top center."
531.png,"One colonic polyp.One small,elliptical,smooth colonic polyp on the center."
532.png,"One colonic polyp.One small,elliptical,smooth colonic polyp on the top right."
533.png,"One colonic polyp.One small,elliptical,smooth colonic polyp on the top right."
534.png,"One colonic polyp.One small,elliptical,smooth colonic polyp on the middle right."
535.png,"One colonic polyp.One small,elliptical,smooth colonic polyp on the middle right."
536.png,"One colonic polyp.One small,elliptical,smooth colonic polyp on the bottom left."
537.png,"One colonic polyp.One small,elliptical,smooth colonic polyp on the top right."
538.png,"One colonic polyp.One small,elliptical,smooth colonic polyp on the top right."
539.png,"One colonic polyp.One small,elliptical,smooth colonic polyp on the middle right."
540.png,"One colonic polyp.One small,elliptical,smooth colonic polyp on the middle left."
541.png,"One colonic polyp.One small,elliptical,smooth colonic polyp on the top center."
542.png,"One colonic polyp.One small,elliptical,smooth colonic polyp on the middle left."
543.png,"One colonic polyp.One small,elliptical,smooth colonic polyp on the top right."
544.png,"One colonic polyp.One medium,elliptical,smooth colonic polyp on the middle left."
546.png,"One colonic polyp.One small,elliptical,smooth colonic polyp on the top center."
547.png,"Two colonic polyps.One small,circular,smooth colonic polyp on the bottom left.One small,circular,smooth colonic polyp on the center."
548.png,"Two colonic polyps.One small,irregular,smooth colonic polyp on the bottom left.One small,circular,smooth colonic polyp on the center."
549.png,"Two colonic polyps.One small,irregular,smooth colonic polyp on the middle left.One small,elliptical,smooth colonic polyp on the middle left."
550.png,"Two colonic polyps.One small,elliptical,smooth colonic polyp on the bottom center.One small,circular,smooth colonic polyp on the middle right."
551.png,"Two colonic polyps.One small,elliptical,smooth colonic polyp on the bottom center.One small,circular,smooth colonic polyp on the middle right."
552.png,"Two colonic polyps.One small,irregular,smooth colonic polyp on the middle left.One small,elliptical,smooth colonic polyp on the top right."
553.png,"Two colonic polyps.One small,irregular,smooth colonic polyp on the bottom left.One small,elliptical,smooth colonic polyp on the middle right."
554.png,"Two colonic polyps.One small,elliptical,smooth colonic polyp on the bottom left.One small,elliptical,smooth colonic polyp on the middle right."
556.png,"Two colonic polyps.One small,elliptical,smooth colonic polyp on the middle left.One small,circular,smooth colonic polyp on the top right."
557.png,"Two colonic polyps.One small,irregular,smooth colonic polyp on the bottom left.One small,circular,smooth colonic polyp on the top right."
558.png,"Two colonic polyps.One small,irregular,smooth colonic polyp on the middle left.One small,circular,smooth colonic polyp on the top right."
560.png,"Two colonic polyps.One small,elliptical,smooth colonic polyp on the middle left.One small,circular,smooth colonic polyp on the top right."
562.png,"Two colonic polyps.One small,irregular,smooth colonic polyp on the bottom left.One small,circular,smooth colonic polyp on the center."
563.png,"One colonic polyp.One small,irregular,smooth colonic polyp on the bottom right."
564.png,"One colonic polyp.One small,irregular,smooth colonic polyp on the bottom right."
565.png,"Two colonic polyps.One small,circular,smooth colonic polyp on the bottom left.One small,circular,smooth colonic polyp on the center."
566.png,"Two colonic polyps.One small,elliptical,smooth colonic polyp on the top left.One small,elliptical,smooth colonic polyp on the top center."
567.png,"Two colonic polyps.One small,elliptical,smooth colonic polyp on the top left.One small,circular,smooth colonic polyp on the top center."
568.png,"Two colonic polyps.One small,irregular,smooth colonic polyp on the center.One small,circular,smooth colonic polyp on the center."
570.png,"Two colonic polyps.One small,irregular,smooth colonic polyp on the middle left.One small,irregular,smooth colonic polyp on the middle left."
572.png,"One colonic polyp.One small,irregular,smooth colonic polyp on the middle right."
573.png,"One colonic polyp.One small,irregular,smooth colonic polyp on the middle right."
574.png,"One colonic polyp.One small,irregular,smooth colonic polyp on the middle right."
576.png,"One colonic polyp.One small,irregular,smooth colonic polyp on the top center."
577.png,"One colonic polyp.One small,irregular,smooth colonic polyp on the top center."
578.png,"One colonic polyp.One small,irregular,smooth colonic polyp on the top center."
579.png,"One colonic polyp.One small,irregular,smooth colonic polyp on the top center."
580.png,"One colonic polyp.One medium,irregular,smooth colonic polyp on the top center."
581.png,"One colonic polyp.One medium,irregular,smooth colonic polyp on the top center."
582.png,"One colonic polyp.One small,circular,smooth colonic polyp on the middle right."
583.png,"One colonic polyp.One small,circular,smooth colonic polyp on the middle right."
584.png,"One colonic polyp.One small,circular,smooth colonic polyp on the middle right."
585.png,"One colonic polyp.One small,irregular,smooth colonic polyp on the middle right."
586.png,"One colonic polyp.One small,circular,smooth colonic polyp on the middle right."
587.png,"One colonic polyp.One small,circular,smooth colonic polyp on the middle right."
588.png,"One colonic polyp.One small,circular,smooth colonic polyp on the middle right."
589.png,"One colonic polyp.One small,circular,smooth colonic polyp on the middle right."
590.png,"One colonic polyp.One small,circular,smooth colonic polyp on the middle right."
591.png,"One colonic polyp.One small,circular,smooth colonic polyp on the top right."
592.png,"One colonic polyp.One small,elliptical,smooth colonic polyp on the bottom center."
593.png,"One colonic polyp.One small,elliptical,smooth colonic polyp on the bottom center."
594.png,"One colonic polyp.One small,elliptical,smooth colonic polyp on the bottom center."
595.png,"One colonic polyp.One small,elliptical,smooth colonic polyp on the bottom center."
596.png,"One colonic polyp.One small,elliptical,smooth colonic polyp on the bottom center."
597.png,"One colonic polyp.One small,elliptical,smooth colonic polyp on the bottom center."
598.png,"One colonic polyp.One small,elliptical,smooth colonic polyp on the bottom center."
599.png,"One colonic polyp.One small,elliptical,smooth colonic polyp on the bottom center."
600.png,"One colonic polyp.One small,elliptical,smooth colonic polyp on the bottom center."
601.png,"One colonic polyp.One small,elliptical,smooth colonic polyp on the bottom center."
602.png,"One colonic polyp.One small,elliptical,smooth colonic polyp on the bottom center."
603.png,"One colonic polyp.One small,elliptical,smooth colonic polyp on the bottom center."
604.png,"One colonic polyp.One small,irregular,smooth colonic polyp on the bottom center."
605.png,"One colonic polyp.One small,elliptical,smooth colonic polyp on the middle left."
606.png,"One colonic polyp.One small,elliptical,smooth colonic polyp on the middle left."
607.png,"One colonic polyp.One small,elliptical,smooth colonic polyp on the middle left."
608.png,"One colonic polyp.One small,irregular,smooth colonic polyp on the bottom center."
609.png,"One colonic polyp.One small,irregular,smooth colonic polyp on the bottom center."
610.png,"One colonic polyp.One small,irregular,smooth colonic polyp on the bottom right."
611.png,"One colonic polyp.One small,elliptical,smooth colonic polyp on the bottom center."
612.png,"One colonic polyp.One small,elliptical,smooth colonic polyp on the bottom center."
