﻿Image,Description
001.png,"One small,elliptical,smooth colonic polyp on the top center."
002.png,"One small,elliptical,smooth colonic polyp on the top center."
003.png,"One small,circular,smooth colonic polyp on the bottom left."
004.png,"One small,irregular-shaped,smooth colonic polyp on the bottom left."
005.png,"One small,elliptical,smooth colonic polyp on the bottom left."
006.png,"One small,elliptical,smooth colonic polyp on the center."
007.png,"One small,elliptical,smooth colonic polyp on the center."
008.png,"One small,elliptical,smooth colonic polyp on the top left."
009.png,"One small,circular,smooth colonic polyp on the top left."
010.png,"One small,irregular-shaped,smooth colonic polyp on the bottom center."
011.png,"One small,elliptical,smooth colonic polyp on the middle right."
012.png,"One small,elliptical,smooth colonic polyp on the bottom left."
013.png,"One small,elliptical,smooth colonic polyp on the bottom left."
014.png,"One small,circular,smooth colonic polyp on the bottom center."
015.png,"One small,elliptical,smooth colonic polyp on the bottom right."
016.png,"One small,elliptical,smooth colonic polyp on the bottom right."
017.png,"One small,circular,smooth colonic polyp on the center."
018.png,"One small,elliptical,smooth colonic polyp on the bottom right."
019.png,"One small,elliptical,smooth colonic polyp on the bottom center."
020.png,"One small,elliptical,smooth colonic polyp on the middle left."
021.png,"One small,elliptical,smooth colonic polyp on the middle left."
022.png,"One small,elliptical,smooth colonic polyp on the middle left."
023.png,"One small,elliptical,smooth colonic polyp on the bottom right."
024.png,"One small,circular,smooth colonic polyp on the bottom center."
025.png,"One small,elliptical,smooth colonic polyp on the bottom center."
026.png,"One small,circular,smooth colonic polyp on the top center."
027.png,"One small,elliptical,smooth colonic polyp on the bottom right."
028.png,"One small,elliptical,smooth colonic polyp on the middle right."
029.png,"One small,irregular-shaped,smooth colonic polyp on the middle right."
030.png,"One small,irregular-shaped,smooth colonic polyp on the bottom left."
031.png,"One small,circular,smooth colonic polyp on the bottom center."
032.png,"One small,circular,smooth colonic polyp on the bottom left."
033.png,"One small,elliptical,smooth colonic polyp on the bottom right."
034.png,"One small,elliptical,smooth colonic polyp on the middle left."
035.png,"One small,circular,smooth colonic polyp on the bottom center."
036.png,"One small,elliptical,smooth colonic polyp on the bottom left."
037.png,"One small,elliptical,smooth colonic polyp on the bottom right."
038.png,"One small,circular,smooth colonic polyp on the center."
039.png,"One small,irregular-shaped,smooth colonic polyp on the center."
040.png,"One small,irregular-shaped,smooth colonic polyp on the center."
041.png,"One small,elliptical,smooth colonic polyp on the top center."
042.png,"One small,elliptical,smooth colonic polyp on the top center."
043.png,"One small,elliptical,smooth colonic polyp on the center."
044.png,"One small,circular,smooth colonic polyp on the middle left."
045.png,"One small,irregular-shaped,smooth colonic polyp on the top left."
046.png,"One small,elliptical,smooth colonic polyp on the top left."
047.png,"One small,elliptical,smooth colonic polyp on the center."
048.png,"One small,irregular-shaped,smooth colonic polyp on the top left."
049.png,"One small,irregular-shaped,smooth colonic polyp on the center."
050.png,"One small,irregular-shaped,smooth colonic polyp on the middle left."
051.png,"One small,elliptical,smooth colonic polyp on the bottom left."
052.png,"One small,irregular-shaped,smooth colonic polyp on the top center."
053.png,"One small,elliptical,smooth colonic polyp on the top center."
054.png,"One small,elliptical,smooth colonic polyp on the top left."
055.png,"One small,elliptical,smooth colonic polyp on the middle left."
056.png,"One small,elliptical,smooth colonic polyp on the middle left."
057.png,"One small,elliptical,smooth colonic polyp on the middle left."
058.png,"One small,elliptical,smooth colonic polyp on the top left."
059.png,"One small,elliptical,smooth colonic polyp on the top left."
060.png,"One small,elliptical,smooth colonic polyp on the middle left."
061.png,"One small,elliptical,smooth colonic polyp on the bottom right."
062.png,"One medium,irregular-shaped,smooth colonic polyp on the bottom center."
063.png,"One medium,elliptical,smooth colonic polyp on the bottom center."
064.png,"One medium,elliptical,smooth colonic polyp on the bottom center."
065.png,"One small,elliptical,smooth colonic polyp on the bottom right."
066.png,"One small,elliptical,smooth colonic polyp on the bottom right."
067.png,"One small,elliptical,smooth colonic polyp on the bottom right."
068.png,"One small,irregular-shaped,smooth colonic polyp on the bottom right."
069.png,"One small,elliptical,partially smooth colonic polyp on the bottom right."
070.png,"One small,elliptical,partially smooth colonic polyp on the bottom right."
071.png,"One small,elliptical,smooth colonic polyp on the top right."
072.png,"One small,elliptical,smooth colonic polyp on the bottom right."
073.png,"One small,elliptical,partially smooth colonic polyp on the bottom right."
074.png,"One small,irregular-shaped,partially smooth colonic polyp on the bottom center."
075.png,"One small,irregular-shaped,smooth colonic polyp on the bottom right."
076.png,"One small,elliptical,smooth colonic polyp on the bottom right."
077.png,"One small,elliptical,smooth colonic polyp on the center."
078.png,"One small,elliptical,smooth colonic polyp on the center."
079.png,"One small,elliptical,smooth colonic polyp on the center."
080.png,"One small,elliptical,smooth colonic polyp on the top center."
081.png,"One small,elliptical,smooth colonic polyp on the top center."
082.png,"One small,elliptical,smooth colonic polyp on the top right."
083.png,"One small,elliptical,smooth colonic polyp on the middle right."
084.png,"One small,elliptical,smooth colonic polyp on the top right."
085.png,"One small,elliptical,smooth colonic polyp on the top center."
086.png,"One small,elliptical,smooth colonic polyp on the top center."
087.png,"One small,elliptical,smooth colonic polyp on the center."
088.png,"One small,elliptical,smooth colonic polyp on the center."
089.png,"One small,elliptical,smooth colonic polyp on the top center."
090.png,"One small,elliptical,smooth colonic polyp on the center."
091.png,"One small,elliptical,smooth colonic polyp on the middle right."
092.png,"One small,circular,smooth colonic polyp on the middle right."
093.png,"One small,elliptical,smooth colonic polyp on the middle right."
094.png,"One small,elliptical,smooth colonic polyp on the middle right."
095.png,"One small,elliptical,smooth colonic polyp on the bottom right."
096.png,"One small,circular,smooth colonic polyp on the bottom right."
097.png,"One small,circular,smooth colonic polyp on the center."
098.png,"One small,irregular-shaped,smooth colonic polyp on the bottom right."
099.png,"One small,irregular-shaped,smooth colonic polyp on the bottom right."
100.png,"One small,irregular-shaped,smooth colonic polyp on the bottom right."
101.png,"One small,irregular-shaped,smooth colonic polyp on the middle right."
102.png,"One small,irregular-shaped,smooth colonic polyp on the center."
103.png,"One medium,irregular-shaped,smooth colonic polyp on the middle right."
104.png,"One medium,irregular-shaped,smooth colonic polyp on the bottom center."
105.png,"One small,irregular-shaped,smooth colonic polyp on the bottom right."
106.png,"One small,irregular-shaped,smooth colonic polyp on the bottom center."
107.png,"One small,irregular-shaped,smooth colonic polyp on the bottom left."
108.png,"One small,irregular-shaped,smooth colonic polyp on the bottom right."
109.png,"One small,irregular-shaped,smooth colonic polyp on the bottom right."
110.png,"One small,irregular-shaped,smooth colonic polyp on the bottom right."
111.png,"One small,irregular-shaped,smooth colonic polyp on the middle right."
112.png,"One small,irregular-shaped,smooth colonic polyp on the middle right."
113.png,"One small,irregular-shaped,smooth colonic polyp on the center."
114.png,"One small,irregular-shaped,smooth colonic polyp on the center."
115.png,"One small,irregular-shaped,smooth colonic polyp on the middle left."
116.png,"One small,irregular-shaped,smooth colonic polyp on the middle left."
117.png,"One small,irregular-shaped,smooth colonic polyp on the middle right."
118.png,"One small,irregular-shaped,smooth colonic polyp on the middle right."
119.png,"One small,irregular-shaped,smooth colonic polyp on the middle right."
120.png,"One small,irregular-shaped,smooth colonic polyp on the middle right."
121.png,"One medium,irregular-shaped,smooth colonic polyp on the middle right."
122.png,"One medium,irregular-shaped,smooth colonic polyp on the middle right."
123.png,"One medium,irregular-shaped,smooth colonic polyp on the middle right."
124.png,"One medium,irregular-shaped,smooth colonic polyp on the bottom right."
125.png,"One medium,irregular-shaped,smooth colonic polyp on the bottom right."
126.png,"One small,irregular-shaped,smooth colonic polyp on the bottom right."
127.png,"One small,irregular-shaped,smooth colonic polyp on the middle right."
128.png,"One small,irregular-shaped,smooth colonic polyp on the middle right."
129.png,"One medium,irregular-shaped,smooth colonic polyp on the middle right."
130.png,"One medium,irregular-shaped,smooth colonic polyp on the middle right."
131.png,"One small,irregular-shaped,smooth colonic polyp on the center."
132.png,"One small,irregular-shaped,smooth colonic polyp on the bottom right."
133.png,"One small,irregular-shaped,smooth colonic polyp on the bottom right."
134.png,"One small,irregular-shaped,smooth colonic polyp on the middle right."
135.png,"One small,irregular-shaped,smooth colonic polyp on the bottom right."
136.png,"One small,irregular-shaped,smooth colonic polyp on the bottom right."
137.png,"One medium,irregular-shaped,smooth colonic polyp on the bottom center."
138.png,"One medium,irregular-shaped,smooth colonic polyp on the bottom right."
139.png,"One small,irregular-shaped,smooth colonic polyp on the bottom right."
140.png,"One small,irregular-shaped,smooth colonic polyp on the bottom right."
141.png,"One small,irregular-shaped,smooth colonic polyp on the bottom right."
142.png,"One small,irregular-shaped,smooth colonic polyp on the bottom right."
143.png,"One small,irregular-shaped,smooth colonic polyp on the bottom right."
144.png,"One small,irregular-shaped,smooth colonic polyp on the bottom right."
145.png,"One small,irregular-shaped,smooth colonic polyp on the bottom right."
146.png,"One small,irregular-shaped,smooth colonic polyp on the bottom right."
147.png,"One small,irregular-shaped,smooth colonic polyp on the bottom right."
148.png,"One small,irregular-shaped,smooth colonic polyp on the bottom right."
149.png,"One small,irregular-shaped,smooth colonic polyp on the top center."
150.png,"One small,irregular-shaped,smooth colonic polyp on the center."
151.png,"One small,irregular-shaped,smooth colonic polyp on the middle left."
152.png,"One small,irregular-shaped,smooth colonic polyp on the center."
153.png,"One small,irregular-shaped,smooth colonic polyp on the bottom center."
154.png,"One small,irregular-shaped,smooth colonic polyp on the bottom center."
155.png,"One small,irregular-shaped,smooth colonic polyp on the center."
156.png,"One small,circular,smooth colonic polyp on the bottom center."
157.png,"One small,circular,smooth colonic polyp on the bottom center."
158.png,"One small,circular,smooth colonic polyp on the bottom left."
159.png,"One small,circular,smooth colonic polyp on the center."
160.png,"One small,circular,smooth colonic polyp on the top center."
161.png,"One small,elliptical,smooth colonic polyp on the top center."
162.png,"One small,elliptical,smooth colonic polyp on the top left."
163.png,"One small,circular,smooth colonic polyp on the middle left."
164.png,"One small,elliptical,smooth colonic polyp on the middle left."
165.png,"One small,elliptical,smooth colonic polyp on the bottom left."
166.png,"One small,circular,smooth colonic polyp on the bottom left."
167.png,"One small,circular,smooth colonic polyp on the bottom left."
168.png,"One small,elliptical,smooth colonic polyp on the bottom left."
169.png,"One small,elliptical,smooth colonic polyp on the bottom center."
170.png,"One small,circular,smooth colonic polyp on the bottom center."
171.png,"One small,elliptical,smooth colonic polyp on the bottom center."
172.png,"One small,elliptical,smooth colonic polyp on the top center."
173.png,"One small,elliptical,smooth colonic polyp on the top center."
174.png,"One small,elliptical,smooth colonic polyp on the top left."
175.png,"One small,circular,smooth colonic polyp on the bottom center."
176.png,"One small,circular,smooth colonic polyp on the center."
177.png,"One small,circular,smooth colonic polyp on the center."
178.png,"One small,elliptical,smooth colonic polyp on the middle right."
179.png,"One small,elliptical,smooth colonic polyp on the top left."
180.png,"One small,circular,smooth colonic polyp on the center."
181.png,"One small,circular,smooth colonic polyp on the middle left."
182.png,"One small,circular,smooth colonic polyp on the middle left."
183.png,"One small,circular,smooth colonic polyp on the bottom left."
184.png,"One small,circular,smooth colonic polyp on the middle left."
185.png,"One small,elliptical,smooth colonic polyp on the middle left."
186.png,"One small,circular,smooth colonic polyp on the middle left."
187.png,"One small,circular,smooth colonic polyp on the center."
188.png,"One small,circular,smooth colonic polyp on the center."
189.png,"One small,circular,smooth colonic polyp on the bottom right."
190.png,"One small,circular,smooth colonic polyp on the middle right."
191.png,"One small,elliptical,smooth colonic polyp on the top left."
192.png,"One small,elliptical,smooth colonic polyp on the top left."
193.png,"One small,circular,smooth colonic polyp on the bottom center."
194.png,"One small,circular,smooth colonic polyp on the center."
195.png,"One small,elliptical,smooth colonic polyp on the center."
196.png,"One small,elliptical,smooth colonic polyp on the top left."
197.png,"One small,circular,smooth colonic polyp on the center."
198.png,"One small,circular,smooth colonic polyp on the middle left."
199.png,"One small,circular,smooth colonic polyp on the bottom left."
200.png,"One small,circular,smooth colonic polyp on the center."
201.png,"One small,circular,smooth colonic polyp on the center."
202.png,"One small,circular,smooth colonic polyp on the center."
203.png,"One small,circular,smooth colonic polyp on the middle right."
204.png,"One small,elliptical,smooth colonic polyp on the middle right."
205.png,"One small,elliptical,smooth colonic polyp on the middle right."
206.png,"One small,elliptical,smooth colonic polyp on the center."
207.png,"One small,elliptical,smooth colonic polyp on the bottom right."
208.png,"One small,elliptical,smooth colonic polyp on the center."
209.png,"One small,elliptical,smooth colonic polyp on the bottom right."
210.png,"One small,elliptical,smooth colonic polyp on the bottom right."
211.png,"One small,elliptical,smooth colonic polyp on the bottom right."
212.png,"One small,elliptical,smooth colonic polyp on the bottom center."
213.png,"One small,elliptical,smooth colonic polyp on the bottom center."
214.png,"One small,elliptical,smooth colonic polyp on the bottom center."
215.png,"One small,elliptical,smooth colonic polyp on the bottom center."
216.png,"One small,circular,smooth colonic polyp on the bottom center."
217.png,"One small,irregular-shaped,smooth colonic polyp on the middle right."
218.png,"One small,irregular-shaped,smooth colonic polyp on the middle right."
219.png,"One small,circular,smooth colonic polyp on the bottom right."
220.png,"One small,circular,smooth colonic polyp on the bottom center."
221.png,"One small,irregular-shaped,smooth colonic polyp on the bottom left."
222.png,"One small,elliptical,smooth colonic polyp on the bottom left."
223.png,"One small,elliptical,smooth colonic polyp on the bottom center."
224.png,"One small,elliptical,smooth colonic polyp on the bottom center."
225.png,"One small,elliptical,smooth colonic polyp on the bottom center."
226.png,"One small,irregular-shaped,smooth colonic polyp on the bottom right."
227.png,"One medium,irregular-shaped,smooth colonic polyp on the center."
228.png,"One medium,irregular-shaped,smooth colonic polyp on the center."
229.png,"One small,irregular-shaped,smooth colonic polyp on the middle right."
230.png,"One small,irregular-shaped,smooth colonic polyp on the bottom right."
231.png,"One small,irregular-shaped,smooth colonic polyp on the bottom right."
232.png,"One small,irregular-shaped,smooth colonic polyp on the bottom left."
233.png,"One small,irregular-shaped,smooth colonic polyp on the bottom right."
234.png,"One small,irregular-shaped,smooth colonic polyp on the center."
235.png,"One small,circular,smooth colonic polyp on the bottom left."
236.png,"One small,circular,smooth colonic polyp on the bottom left."
237.png,"One medium,elliptical,smooth colonic polyp on the center."
238.png,"One small,elliptical,smooth colonic polyp on the center."
239.png,"One small,elliptical,smooth colonic polyp on the top center."
240.png,"One small,elliptical,smooth colonic polyp on the top left."
241.png,"One small,elliptical,smooth colonic polyp on the center."
242.png,"One small,elliptical,smooth colonic polyp on the bottom center."
243.png,"One small,elliptical,smooth colonic polyp on the center."
244.png,"One small,elliptical,smooth colonic polyp on the bottom right."
245.png,"One small,elliptical,smooth colonic polyp on the bottom center."
246.png,"One small,elliptical,smooth colonic polyp on the center."
247.png,"One small,elliptical,smooth colonic polyp on the bottom right."
248.png,"One small,elliptical,smooth colonic polyp on the bottom center."
249.png,"One small,elliptical,smooth colonic polyp on the center."
250.png,"One small,elliptical,smooth colonic polyp on the bottom center."
251.png,"One small,elliptical,smooth colonic polyp on the bottom center."
252.png,"One small,elliptical,smooth colonic polyp on the center."
253.png,"One small,elliptical,smooth colonic polyp on the bottom right."
254.png,"One small,elliptical,smooth colonic polyp on the bottom center."
255.png,"One small,elliptical,smooth colonic polyp on the center."
256.png,"One small,elliptical,smooth colonic polyp on the bottom right."
257.png,"One small,elliptical,smooth colonic polyp on the center."
258.png,"One small,elliptical,smooth colonic polyp on the center."
259.png,"One small,elliptical,smooth colonic polyp on the bottom right."
260.png,"One small,elliptical,smooth colonic polyp on the bottom center."
261.png,"One small,elliptical,smooth colonic polyp on the center."
262.png,"One small,elliptical,smooth colonic polyp on the bottom right."
263.png,"One small,elliptical,smooth colonic polyp on the bottom center."
264.png,"One small,elliptical,smooth colonic polyp on the middle left."
265.png,"One small,elliptical,smooth colonic polyp on the middle right."
266.png,"One small,elliptical,smooth colonic polyp on the bottom center."
267.png,"One small,elliptical,partially smooth colonic polyp on the center."
268.png,"One small,irregular-shaped,partially smooth colonic polyp on the middle left."
269.png,"One small,irregular-shaped,partially smooth colonic polyp on the middle left."
270.png,"One small,irregular-shaped,smooth colonic polyp on the middle left."
271.png,"One small,elliptical,partially smooth colonic polyp on the middle left."
272.png,"One small,elliptical,smooth colonic polyp on the middle right."
273.png,"One small,elliptical,smooth colonic polyp on the bottom right."
274.png,"One small,irregular-shaped,smooth colonic polyp on the center."
275.png,"One small,irregular-shaped,smooth colonic polyp on the middle right."
276.png,"One small,irregular-shaped,smooth colonic polyp on the middle right."
277.png,"One small,irregular-shaped,smooth colonic polyp on the middle right."
278.png,"One small,irregular-shaped,smooth colonic polyp on the top right."
279.png,"One small,irregular-shaped,smooth colonic polyp on the middle right."
280.png,"One small,irregular-shaped,smooth colonic polyp on the middle right."
281.png,"One small,irregular-shaped,smooth colonic polyp on the bottom right."
282.png,"One small,irregular-shaped,smooth colonic polyp on the bottom right."
283.png,"One small,circular,smooth colonic polyp on the bottom right."
284.png,"One small,irregular-shaped,smooth colonic polyp on the bottom right."
285.png,"One small,irregular-shaped,smooth colonic polyp on the bottom center."
286.png,"One small,irregular-shaped,smooth colonic polyp on the bottom right."
287.png,"One small,irregular-shaped,smooth colonic polyp on the middle right."
288.png,"One small,irregular-shaped,smooth colonic polyp on the middle right."
289.png,"One small,irregular-shaped,smooth colonic polyp on the middle right."
290.png,"One small,irregular-shaped,smooth colonic polyp on the middle right."
291.png,"One small,irregular-shaped,smooth colonic polyp on the middle right."
292.png,"One small,irregular-shaped,smooth colonic polyp on the top center."
293.png,"One small,irregular-shaped,smooth colonic polyp on the top center."
294.png,"One small,irregular-shaped,smooth colonic polyp on the center."
295.png,"One small,irregular-shaped,smooth colonic polyp on the center."
296.png,"One small,elliptical,smooth colonic polyp on the center."
297.png,"One small,irregular-shaped,smooth colonic polyp on the middle right."
298.png,"One small,irregular-shaped,smooth colonic polyp on the top right."
299.png,"One small,irregular-shaped,smooth colonic polyp on the middle right."
300.png,"One small,irregular-shaped,smooth colonic polyp on the middle right."
301.png,"One large,irregular-shaped,smooth colonic polyp on the bottom center."
302.png,"One large,irregular-shaped,partially smooth colonic polyp on the center."
303.png,"One large,irregular-shaped,partially smooth colonic polyp on the center."
304.png,"One large,irregular-shaped,partially smooth colonic polyp on the center."
305.png,"One large,irregular-shaped,partially smooth colonic polyp on the center."
306.png,"One large,irregular-shaped,partially smooth colonic polyp on the center."
307.png,"One large,irregular-shaped,partially smooth colonic polyp on the center."
308.png,"One large,irregular-shaped,partially smooth colonic polyp on the center."
309.png,"One large,irregular-shaped,smooth colonic polyp on the center."
310.png,"One large,irregular-shaped,smooth colonic polyp on the center."
311.png,"One large,irregular-shaped,smooth colonic polyp on the center."
312.png,"One large,irregular-shaped,partially smooth colonic polyp on the center."
313.png,"One large,elliptical,smooth colonic polyp on the center."
314.png,"One large,irregular-shaped,smooth colonic polyp on the center."
315.png,"One large,irregular-shaped,smooth colonic polyp on the center."
316.png,"One medium,irregular-shaped,smooth colonic polyp on the middle left."
317.png,"One large,irregular-shaped,smooth colonic polyp on the center."
318.png,"One large,irregular-shaped,smooth colonic polyp on the center."
319.png,"One large,irregular-shaped,smooth colonic polyp on the middle right."
320.png,"One large,irregular-shaped,smooth colonic polyp on the middle right."
321.png,"One large,irregular-shaped,smooth colonic polyp on the bottom left."
322.png,"One large,irregular-shaped,smooth colonic polyp on the middle left."
323.png,"One large,irregular-shaped,smooth colonic polyp on the middle left."
324.png,"One medium,irregular-shaped,smooth colonic polyp on the top left."
325.png,"One medium,irregular-shaped,smooth colonic polyp on the top left."
326.png,"One medium,irregular-shaped,smooth colonic polyp on the top center."
327.png,"One medium,irregular-shaped,smooth colonic polyp on the top center."
328.png,"One medium,irregular-shaped,smooth colonic polyp on the top center."
329.png,"One medium,irregular-shaped,smooth colonic polyp on the top center."
330.png,"One large,irregular-shaped,smooth colonic polyp on the top center."
331.png,"One large,irregular-shaped,smooth colonic polyp on the bottom left."
332.png,"One large,irregular-shaped,partially smooth colonic polyp on the bottom left."
333.png,"One large,irregular-shaped,partially smooth colonic polyp on the middle left."
334.png,"One large,irregular-shaped,partially smooth colonic polyp on the middle left."
335.png,"One large,irregular-shaped,partially smooth colonic polyp on the middle left."
336.png,"One large,circular,partially smooth colonic polyp on the top left."
337.png,"One large,circular,partially smooth colonic polyp on the top left."
338.png,"One large,circular,partially smooth colonic polyp on the center."
339.png,"One large,circular,partially smooth colonic polyp on the top center."
340.png,"One large,irregular-shaped,smooth colonic polyp on the bottom left."
341.png,"One small,elliptical,smooth colonic polyp on the top center."
342.png,"One small,elliptical,smooth colonic polyp on the top center."
343.png,"One small,elliptical,smooth colonic polyp on the top center."
344.png,"One small,elliptical,smooth colonic polyp on the top center."
345.png,"One small,elliptical,smooth colonic polyp on the top center."
346.png,"One small,elliptical,smooth colonic polyp on the top center."
347.png,"One small,elliptical,smooth colonic polyp on the center."
348.png,"One small,elliptical,smooth colonic polyp on the center."
349.png,"One small,elliptical,smooth colonic polyp on the bottom right."
350.png,"One small,elliptical,smooth colonic polyp on the bottom right."
351.png,"One small,circular,smooth colonic polyp on the center."
352.png,"One small,circular,smooth colonic polyp on the center."
353.png,"One small,irregular-shaped,smooth colonic polyp on the center."
354.png,"One small,circular,smooth colonic polyp on the center."
355.png,"One small,circular,smooth colonic polyp on the center."
356.png,"One small,irregular-shaped,smooth colonic polyp on the center."
357.png,"One small,elliptical,smooth colonic polyp on the center."
358.png,"One small,circular,smooth colonic polyp on the center."
359.png,"One small,elliptical,smooth colonic polyp on the center."
360.png,"One small,elliptical,smooth colonic polyp on the top center."
361.png,"One small,irregular-shaped,smooth colonic polyp on the top center."
362.png,"One small,irregular-shaped,smooth colonic polyp on the top center."
363.png,"One small,irregular-shaped,smooth colonic polyp on the top left."
364.png,"One small,irregular-shaped,smooth colonic polyp on the top left."
365.png,"One small,irregular-shaped,smooth colonic polyp on the top left."
366.png,"One small,irregular-shaped,smooth colonic polyp on the top left."
367.png,"One small,irregular-shaped,smooth colonic polyp on the top left."
368.png,"One small,irregular-shaped,smooth colonic polyp on the top left."
369.png,"One small,irregular-shaped,smooth colonic polyp on the middle left."
370.png,"One small,irregular-shaped,smooth colonic polyp on the middle left."
371.png,"One small,irregular-shaped,smooth colonic polyp on the middle left."
372.png,"One small,irregular-shaped,smooth colonic polyp on the middle left."
373.png,"One small,irregular-shaped,smooth colonic polyp on the middle left."
374.png,"One small,irregular-shaped,smooth colonic polyp on the middle left."
375.png,"One small,irregular-shaped,smooth colonic polyp on the middle left."
376.png,"One small,irregular-shaped,smooth colonic polyp on the middle left."
377.png,"One small,irregular-shaped,smooth colonic polyp on the middle left."
378.png,"One small,irregular-shaped,smooth colonic polyp on the middle left."
379.png,"One small,irregular-shaped,smooth colonic polyp on the middle left."
