﻿Image,Description
149.png,"One small,irregular-shaped,smooth colonic polyp on the top center."
150.png,"One small,irregular-shaped,smooth colonic polyp on the center."
151.png,"One small,irregular-shaped,smooth colonic polyp on the center."
152.png,"One small,irregular-shaped,smooth colonic polyp on the center."
153.png,"One small,irregular-shaped,smooth colonic polyp on the bottom right."
154.png,"One small,irregular-shaped,smooth colonic polyp on the bottom center."
155.png,"One small,irregular-shaped,smooth colonic polyp on the center."
156.png,"One small,circular,smooth colonic polyp on the bottom center."
157.png,"One small,circular,smooth colonic polyp on the bottom center."
158.png,"One small,elliptical,smooth colonic polyp on the bottom left."
159.png,"One small,elliptical,smooth colonic polyp on the center."
160.png,"One small,elliptical,smooth colonic polyp on the center."
161.png,"One small,elliptical,smooth colonic polyp on the center."
162.png,"One small,elliptical,smooth colonic polyp on the middle left."
163.png,"One small,elliptical,smooth colonic polyp on the middle left."
164.png,"One small,elliptical,smooth colonic polyp on the bottom left."
165.png,"One small,elliptical,smooth colonic polyp on the bottom left."
166.png,"One small,elliptical,smooth colonic polyp on the bottom left."
167.png,"One small,elliptical,smooth colonic polyp on the bottom left."
168.png,"One small,elliptical,smooth colonic polyp on the bottom left."
169.png,"One small,elliptical,smooth colonic polyp on the bottom center."
170.png,"One small,elliptical,smooth colonic polyp on the bottom center."
171.png,"One small,irregular-shaped,smooth colonic polyp on the bottom center."
172.png,"One small,elliptical,smooth colonic polyp on the top center."
173.png,"One small,elliptical,smooth colonic polyp on the top left."
174.png,"One small,elliptical,smooth colonic polyp on the top left."
175.png,"One small,circular,smooth colonic polyp on the bottom center."
176.png,"One small,circular,smooth colonic polyp on the center."
177.png,"One small,circular,smooth colonic polyp on the center."
178.png,"One small,elliptical,smooth colonic polyp on the top right."
179.png,"One small,elliptical,smooth colonic polyp on the top left."
180.png,"One small,circular,smooth colonic polyp on the center."
181.png,"One small,circular,smooth colonic polyp on the middle left."
182.png,"One small,circular,smooth colonic polyp on the bottom left."
183.png,"One small,circular,smooth colonic polyp on the bottom left."
184.png,"One small,circular,smooth colonic polyp on the middle left."
185.png,"One small,elliptical,smooth colonic polyp on the middle left."
186.png,"One small,circular,smooth colonic polyp on the center."
187.png,"One small,circular,smooth colonic polyp on the center."
188.png,"One small,circular,smooth colonic polyp on the center."
189.png,"One small,circular,smooth colonic polyp on the bottom center."
190.png,"One small,circular,smooth colonic polyp on the middle right."
191.png,"One small,elliptical,smooth colonic polyp on the top left."
192.png,"One small,elliptical,smooth colonic polyp on the top left."
193.png,"One small,circular,smooth colonic polyp on the bottom center."
194.png,"One small,circular,smooth colonic polyp on the center."
195.png,"One small,circular,smooth colonic polyp on the center."
196.png,"One small,elliptical,smooth colonic polyp on the top left."
197.png,"One small,circular,smooth colonic polyp on the center."
198.png,"One small,circular,smooth colonic polyp on the bottom left."
199.png,"One small,circular,smooth colonic polyp on the bottom left."
200.png,"One small,circular,smooth colonic polyp on the center."
201.png,"One small,circular,smooth colonic polyp on the bottom center."
202.png,"One small,circular,smooth colonic polyp on the center."
203.png,"One small,circular,smooth colonic polyp on the middle right."
204.png,"One small,elliptical,smooth colonic polyp on the middle right."
205.png,"One small,elliptical,smooth colonic polyp on the middle right."
206.png,"One small,elliptical,smooth colonic polyp on the center."
207.png,"One small,elliptical,smooth colonic polyp on the bottom right."
208.png,"One small,elliptical,smooth colonic polyp on the center."
