﻿Image,Description
001.png,"One small,irregular-shaped,smooth colonic polyp on the center."
002.png,"One small,irregular-shaped,smooth colonic polyp on the center."
003.png,"One small,elliptical,smooth colonic polyp on the center."
004.png,"One small,irregular-shaped,smooth colonic polyp on the center."
005.png,"One small,irregular-shaped,smooth colonic polyp on the center."
006.png,"One small,irregular-shaped,smooth colonic polyp on the center."
007.png,"One small,elliptical,smooth colonic polyp on the bottom left."
008.png,"One small,elliptical,smooth colonic polyp on the bottom left."
009.png,"One small,elliptical,smooth colonic polyp on the bottom left."
010.png,"One small,elliptical,smooth colonic polyp on the bottom left."
011.png,"One small,elliptical,smooth colonic polyp on the bottom left."
012.png,"One small,elliptical,smooth colonic polyp on the middle left."
013.png,"One small,irregular-shaped,smooth colonic polyp on the center."
014.png,"One small,irregular-shaped,smooth colonic polyp on the center."
015.png,"One small,irregular-shaped,smooth colonic polyp on the middle right."
016.png,"One small,irregular-shaped,smooth colonic polyp on the middle right."
017.png,"One small,irregular-shaped,smooth colonic polyp on the bottom right."
018.png,"One small,irregular-shaped,smooth colonic polyp on the bottom right."
019.png,"One small,elliptical,smooth colonic polyp on the bottom right."
020.png,"One small,elliptical,smooth colonic polyp on the bottom right."
021.png,"One small,circular,smooth colonic polyp on the top left."
022.png,"One small,elliptical,smooth colonic polyp on the bottom right."
023.png,"One small,circular,smooth colonic polyp on the center."
024.png,"One small,circular,smooth colonic polyp on the middle right."
025.png,"One small,elliptical,smooth colonic polyp on the bottom left."
026.png,"One small,elliptical,smooth colonic polyp on the bottom left."
027.png,"One small,elliptical,smooth colonic polyp on the bottom left."
028.png,"One small,elliptical,smooth colonic polyp on the bottom left."
029.png,"One small,elliptical,smooth colonic polyp on the bottom left."
030.png,"One small,elliptical,smooth colonic polyp on the bottom left."
031.png,"One small,elliptical,smooth colonic polyp on the bottom left."
032.png,"One small,elliptical,smooth colonic polyp on the middle left."
033.png,"One small,elliptical,smooth colonic polyp on the bottom left."
034.png,"One small,elliptical,smooth colonic polyp on the bottom left."
035.png,"One small,elliptical,smooth colonic polyp on the bottom center."
036.png,"One small,elliptical,smooth colonic polyp on the bottom center."
037.png,"One small,circular,smooth colonic polyp on the bottom center."
038.png,"One small,circular,smooth colonic polyp on the bottom right."
039.png,"One small,circular,smooth colonic polyp on the bottom right."
040.png,"One small,circular,smooth colonic polyp on the bottom center."
041.png,"One small,circular,smooth colonic polyp on the bottom center."
042.png,"One small,circular,smooth colonic polyp on the bottom center."
043.png,"Three colonic polyps.One small,elliptical,smooth colonic polyp on the middle left.One small,elliptical,smooth colonic polyp on the middle left.One small,circular,smooth colonic polyp on the middle right."
044.png,"Three colonic polyps.One small,elliptical,smooth colonic polyp on the middle left.One small,elliptical,smooth colonic polyp on the middle left.One small,circular,smooth colonic polyp on the middle right."
045.png,"Three colonic polyps.One small,elliptical,smooth colonic polyp on the middle left.One small,elliptical,smooth colonic polyp on the middle left.One small,circular,smooth colonic polyp on the middle right."
046.png,"Three colonic polyps.One small,elliptical,smooth colonic polyp on the middle left.One small,elliptical,smooth colonic polyp on the middle left.One small,circular,smooth colonic polyp on the middle right."
047.png,"Three colonic polyps.One small,elliptical,smooth colonic polyp on the top left.One small,elliptical,smooth colonic polyp on the top left.One small,circular,smooth colonic polyp on the middle right."
048.png,"Three colonic polyps.One small,elliptical,smooth colonic polyp on the middle left.One small,elliptical,smooth colonic polyp on the middle left.One small,circular,smooth colonic polyp on the middle right."
049.png,"One small,elliptical,smooth colonic polyp on the bottom right."
050.png,"One small,elliptical,smooth colonic polyp on the bottom right."
051.png,"One small,elliptical,smooth colonic polyp on the center."
052.png,"One medium,elliptical,smooth colonic polyp on the bottom center."
053.png,"One small,elliptical,smooth colonic polyp on the middle left."
054.png,"One small,elliptical,smooth colonic polyp on the middle left."
055.png,"One small,elliptical,smooth colonic polyp on the bottom right."
056.png,"One small,circular,smooth colonic polyp on the center."
057.png,"One small,circular,smooth colonic polyp on the bottom center."
058.png,"One small,elliptical,smooth colonic polyp on the bottom center."
059.png,"One small,elliptical,smooth colonic polyp on the center."
060.png,"One small,elliptical,smooth colonic polyp on the bottom center."
061.png,"One small,elliptical,smooth colonic polyp on the center."
062.png,"One small,elliptical,smooth colonic polyp on the center."
063.png,"One medium,circular,smooth colonic polyp on the top center."
064.png,"One medium,circular,smooth colonic polyp on the center."
065.png,"One small,elliptical,smooth colonic polyp on the top center."
066.png,"One medium,circular,smooth colonic polyp on the center."
067.png,"One small,elliptical,smooth colonic polyp on the top center."
068.png,"One small,irregular-shaped,smooth colonic polyp on the top left."
069.png,"One small,elliptical,smooth colonic polyp on the bottom center."
070.png,"One small,elliptical,smooth colonic polyp on the center."
071.png,"One small,elliptical,smooth colonic polyp on the bottom left."
072.png,"One small,elliptical,smooth colonic polyp on the bottom center."
073.png,"One small,elliptical,smooth colonic polyp on the bottom center."
074.png,"One small,elliptical,smooth colonic polyp on the bottom left."
075.png,"One small,elliptical,smooth colonic polyp on the top right."
076.png,"One small,elliptical,smooth colonic polyp on the top right."
077.png,"One small,elliptical,smooth colonic polyp on the middle right."
078.png,"One small,elliptical,smooth colonic polyp on the center."
079.png,"One small,elliptical,smooth colonic polyp on the center."
080.png,"One small,elliptical,smooth colonic polyp on the middle right."
081.png,"One small,elliptical,ulcerated colonic polyp on the bottom right."
082.png,"One small,elliptical,ulcerated colonic polyp on the middle right."
083.png,"One small,elliptical,ulcerated colonic polyp on the middle right."
084.png,"One small,elliptical,ulcerated colonic polyp on the middle right."
085.png,"One small,elliptical,ulcerated colonic polyp on the middle right."
086.png,"One small,elliptical,ulcerated colonic polyp on the middle right."
087.png,"One small,irregular-shaped,partially smooth colonic polyp on the center."
088.png,"One small,irregular-shaped,partially smooth colonic polyp on the middle left."
089.png,"One small,circular,smooth colonic polyp on the top left."
090.png,"One small,circular,smooth colonic polyp on the top center."
091.png,"One small,irregular-shaped,smooth colonic polyp on the center."
092.png,"One small,irregular-shaped,smooth colonic polyp on the top center."
093.png,"One small,elliptical,smooth colonic polyp on the top left."
094.png,"One small,elliptical,smooth colonic polyp on the top left."
095.png,"One small,elliptical,smooth colonic polyp on the center."
096.png,"One small,circular,smooth colonic polyp on the middle left."
097.png,"One small,elliptical,smooth colonic polyp on the top left."
098.png,"One small,elliptical,smooth colonic polyp on the top left."
099.png,"One small,elliptical,smooth colonic polyp on the middle right."
100.png,"One small,elliptical,smooth colonic polyp on the middle right."
101.png,"One small,elliptical,smooth colonic polyp on the middle right."
102.png,"One small,elliptical,smooth colonic polyp on the middle right."
103.png,"One small,elliptical,smooth colonic polyp on the middle right."
104.png,"One small,elliptical,smooth colonic polyp on the middle right."
105.png,"One small,circular,smooth colonic polyp on the middle left."
106.png,"One small,circular,smooth colonic polyp on the middle left."
107.png,"One small,circular,smooth colonic polyp on the middle left."
108.png,"One small,circular,smooth colonic polyp on the middle left."
109.png,"One small,circular,smooth colonic polyp on the middle left."
110.png,"One small,circular,smooth colonic polyp on the center."
111.png,"One small,circular,smooth colonic polyp on the middle left."
112.png,"One small,circular,smooth colonic polyp on the middle left."
113.png,"One medium,cauliflower-shaped,partially smooth colonic polyp on the bottom right."
114.png,"One medium,cauliflower-shaped,partially smooth colonic polyp on the bottom right."
115.png,"One medium,cauliflower-shaped,partially smooth colonic polyp on the bottom right."
116.png,"One medium,cauliflower-shaped,partially smooth colonic polyp on the bottom right."
117.png,"One medium,cauliflower-shaped,partially smooth colonic polyp on the bottom right."
118.png,"One medium,cauliflower-shaped,partially smooth colonic polyp on the bottom right."
119.png,"One medium,cauliflower-shaped,ulcerated colonic polyp on the center."
120.png,"One medium,cauliflower-shaped,ulcerated colonic polyp on the center."
121.png,"One small,elliptical,smooth colonic polyp on the bottom left."
122.png,"One small,elliptical,smooth colonic polyp on the bottom left."
123.png,"One small,elliptical,smooth colonic polyp on the bottom left."
124.png,"One small,circular,smooth colonic polyp on the top left."
125.png,"One small,circular,smooth colonic polyp on the top left."
126.png,"One small,elliptical,smooth colonic polyp on the bottom left."
127.png,"One small,circular,smooth colonic polyp on the bottom center."
128.png,"One small,circular,smooth colonic polyp on the center."
129.png,"One small,circular,smooth colonic polyp on the center."
130.png,"One small,elliptical,smooth colonic polyp on the center."
131.png,"One small,circular,smooth colonic polyp on the bottom center."
132.png,"One small,elliptical,smooth colonic polyp on the center."
133.png,"One small,elliptical,smooth colonic polyp on the center."
134.png,"One small,elliptical,smooth colonic polyp on the center."
135.png,"One small,elliptical,smooth colonic polyp on the center."
136.png,"One small,elliptical,smooth colonic polyp on the center."
137.png,"One small,elliptical,smooth colonic polyp on the center."
138.png,"One small,elliptical,smooth colonic polyp on the center."
139.png,"One small,elliptical,smooth colonic polyp on the top right."
140.png,"One small,elliptical,smooth colonic polyp on the middle right."
141.png,"One small,elliptical,smooth colonic polyp on the middle right."
142.png,"One small,elliptical,smooth colonic polyp on the middle right."
143.png,"One small,elliptical,smooth colonic polyp on the top right."
144.png,"One small,elliptical,smooth colonic polyp on the middle right."
145.png,"One small,elliptical,smooth colonic polyp on the top right."
146.png,"One small,elliptical,smooth colonic polyp on the bottom right."
147.png,"One small,elliptical,smooth colonic polyp on the top center."
148.png,"One small,elliptical,smooth colonic polyp on the top center."
149.png,"One small,elliptical,smooth colonic polyp on the center."
150.png,"One small,elliptical,smooth colonic polyp on the top center."
151.png,"One small,elliptical,smooth colonic polyp on the top center."
152.png,"One small,irregular-shaped,smooth colonic polyp on the top center."
153.png,"One small,circular,smooth colonic polyp on the top center."
154.png,"One small,circular,smooth colonic polyp on the bottom left."
155.png,"One small,circular,smooth colonic polyp on the top center."
156.png,"One small,circular,smooth colonic polyp on the bottom left."
157.png,"One small,circular,smooth colonic polyp on the bottom left."
158.png,"One small,elliptical,smooth colonic polyp on the top center."
159.png,"One small,irregular-shaped,smooth colonic polyp on the center."
160.png,"One small,irregular-shaped,smooth colonic polyp on the center."
161.png,"One small,irregular-shaped,smooth colonic polyp on the bottom left."
162.png,"One small,irregular-shaped,smooth colonic polyp on the center."
163.png,"One small,irregular-shaped,smooth colonic polyp on the center."
164.png,"One small,irregular-shaped,smooth colonic polyp on the bottom left."
165.png,"One small,elliptical,smooth colonic polyp on the bottom left."
166.png,"One small,elliptical,smooth colonic polyp on the bottom left."
167.png,"One small,elliptical,smooth colonic polyp on the bottom center."
168.png,"One small,elliptical,smooth colonic polyp on the bottom left."
169.png,"One small,elliptical,smooth colonic polyp on the bottom center."
170.png,"One small,elliptical,smooth colonic polyp on the bottom center."
171.png,"One small,irregular-shaped,smooth colonic polyp on the bottom center."
172.png,"One medium,elliptical,smooth colonic polyp on the center."
173.png,"One medium,elliptical,smooth colonic polyp on the center."
174.png,"One small,elliptical,smooth colonic polyp on the bottom center."
175.png,"One medium,elliptical,smooth colonic polyp on the center."
176.png,"One medium,elliptical,smooth colonic polyp on the center."
177.png,"One large,irregular-shaped,ulcerated colonic polyp on the center."
178.png,"One medium,irregular-shaped,ulcerated colonic polyp on the top center."
179.png,"One large,irregular-shaped,ulcerated colonic polyp on the top center."
180.png,"One medium,irregular-shaped,ulcerated colonic polyp on the center."
181.png,"One large,irregular-shaped,partially smooth colonic polyp on the center."
182.png,"One large,irregular-shaped,ulcerated colonic polyp on the center."
183.png,"One small,circular,smooth colonic polyp on the top center."
184.png,"One small,elliptical,smooth colonic polyp on the top center."
185.png,"One small,circular,smooth colonic polyp on the center."
186.png,"One small,circular,smooth colonic polyp on the center."
187.png,"One small,circular,smooth colonic polyp on the top center."
188.png,"One small,elliptical,smooth colonic polyp on the top center."
189.png,"One small,circular,smooth colonic polyp on the center."
190.png,"One small,elliptical,smooth colonic polyp on the center."
191.png,"One small,elliptical,smooth colonic polyp on the top right."
192.png,"One small,elliptical,smooth colonic polyp on the middle right."
193.png,"One small,elliptical,smooth colonic polyp on the bottom right."
194.png,"One small,elliptical,smooth colonic polyp on the middle right."
195.png,"One small,elliptical,smooth colonic polyp on the middle right."
196.png,"One small,elliptical,smooth colonic polyp on the bottom right."
