﻿Image,Description
cju0qkwl35piu0993l0dewei2.png,"One large,irregular,ulcerated colonic polyp on the top middle."
cju0qoxqj9q6s0835b43399p4.png,"One large,irregular,smooth colonic polyp on the bottom middle."
cju0qx73cjw570799j4n5cjze.png,"One large,irregular,ulcerated colonic polyp on the center."
cju0roawvklrq0799vmjorwfv.png,"Two colonic polyps.One small,elliptical,smooth colonic polyp on the top middle.One medium,irregular,ulcerated colonic polyp on the top right."
cju0rx1idathl0835detmsp84.png,"One small,irregular,smooth colonic polyp on the center."
cju0s2a9ekvms080138tjjpxr.png,"One medium,elliptical,partially smooth colonic polyp on the middle right."
cju0s690hkp960855tjuaqvv0.png,"One small,irregular,ulcerated colonic polyp on the bottom middle."
cju0sr5ghl0nd08789uzf1raf.png,"Two colonic polyps.One small,circular,partially smooth colonic polyp on the top middle.One small,irregular,partially smooth colonic polyp on the bottom middle."
cju0sxqiclckk08551ycbwhno.png,"One small,elliptical,smooth colonic polyp on the bottom right."
cju0t4oil7vzk099370nun5h9.png,"One large,cauliflower-shaped,partially smooth colonic polyp on the center."
cju0tl3uz8blh0993wxvn7ly3.png,"One small,elliptical,smooth colonic polyp on the bottom middle."
cju0u2g7pmnux0801vkk47ivj.png,"One large,irregular,ulcerated colonic polyp on the bottom left."
cju0ue769mxii08019zqgdbxn.png,"One small,elliptical,partially smooth colonic polyp on the top left."
cju0vtox5ain6099360pu62rp.png,"One small,circular,smooth colonic polyp on the top left."
cju13cgqmnhwn0988yrainhcp.png,"One medium,elliptical,smooth colonic polyp on the bottom middle."
cju13fwthn9mq0835gacxgy01.png,"One medium,circular,ulcerated colonic polyp on the top right."
cju13hp5rnbjx0835bf0jowgx.png,"One small,elliptical,smooth colonic polyp on the top left."
cju14g8o4xui30878gkgbrvqj.png,"One small,elliptical,smooth colonic polyp on the middle right."
cju14hjh2ob2o0835ouz3r5aa.png,"One medium,elliptical,ulcerated colonic polyp on the bottom right."
cju14pxbaoksp0835qzorx6g6.png,"One small,elliptical,smooth colonic polyp on the top middle."
cju15czxqp3lv0835jvhgzurz.png,"One large,cauliflower-shaped,ulcerated colonic polyp on the bottom left."
cju15jr8jz8sb0855ukmkswkz.png,"One large,irregular,smooth colonic polyp on the top right."
cju15l5ubz9yh0855b3ivdpse.png,"One small,circular,smooth colonic polyp on the center."
cju15mhjczc8z0801kit5c6di.png,"One medium,circular,smooth colonic polyp on the top right."
cju15ptjtppz40988odsm9azx.png,"One small,irregular,partially smooth colonic polyp on the middle right."
cju160wshltz10993i1gmqxbe.png,"One small,elliptical,smooth colonic polyp on the middle right."
cju16b6ynq8e40988m8vx0xnj.png,"One small,elliptical,partially smooth colonic polyp on the top left."
cju16d65tzw9d0799ouslsw25.png,"One small,elliptical,smooth colonic polyp on the center."
cju16fpvhzypl0799p9phnlx6.png,"One medium,irregular,partially smooth colonic polyp on the center."
cju16jgnyzp970878melv7r25.png,"One medium,irregular,smooth colonic polyp on the bottom right."
cju171py4qiha0835u8sl59ds.png,"One large,elliptical,ulcerated colonic polyp on the top right."
cju175facms5f0993a5tjikvt.png,"One large,irregular,ulcerated colonic polyp on the bottom middle."
cju17bz250pgd0799u1hqkj5u.png,"One small,elliptical,smooth colonic polyp on the top middle."
cju17g6ykn1cs0993dww6qdi8.png,"One large,irregular,partially smooth colonic polyp on the center."
cju17hw9hr9c5098800fu4u8e.png,"One small,elliptical,smooth colonic polyp on the center."
cju17otoe119u0799nqcbl8n1.png,"One large,cauliflower-shaped,ulcerated colonic polyp on the center."
cju17r8il13910799dr2wme2e.png,"One small,circular,ulcerated colonic polyp on the middle right."
cju17v6ih0u7808783zcbg1jy.png,"One large,irregular,partially smooth colonic polyp on the middle left."
cju17x0j4nfc10993y31pvlgs.png,"One large,irregular,partially smooth colonic polyp on the center."
cju1819curo000988pd5xcqme.png,"One small,circular,ulcerated colonic polyp on the bottom right."
cju183od81ff608017ekzif89.png,"Two colonic polyps.One small,elliptical,smooth colonic polyp on the bottom middle.One small,irregular,smooth colonic polyp on the middle right."
cju1871y11d6r0799k6cw4yze.png,"One medium,irregular,smooth colonic polyp on the middle left."
cju18849rrsgr0988p90hkygb.png,"One small,elliptical,smooth colonic polyp on the center."
cju18gzrq18zw0878wbf4ftw6.png,"One small,irregular,smooth colonic polyp on the top right."
cju18ibp219ub08783i6o98g7.png,"One small,elliptical,smooth colonic polyp on the bottom right."
cju18kevfrojc0835bn90f1in.png,"One small,irregular,smooth colonic polyp on the bottom middle."
cju1alwgo30z60855fm3y23sm.png,"One small,irregular,ulcerated colonic polyp on the top right."
cju1aqqv02qwz0878a5cyhr67.png,"One small,irregular,smooth colonic polyp on the bottom middle."
cju1ats0y372e08011yazcsxm.png,"One medium,irregular,partially smooth colonic polyp on the top middle."
cju1b0y2e396p08558ois175d.png,"One small,irregular,smooth colonic polyp on the center."
cju1b3zgj3d8e0801kpolea6c.png,"One medium,irregular,smooth colonic polyp on the center."
cju1b75x63ddl0799sdp0i2j3.png,"One small,elliptical,smooth colonic polyp on the middle right."
cju1bhnfitmge0835ynls0l6b.png,"One small,elliptical,smooth colonic polyp on the middle right."
cju1brhsj3rls0855a1vgdlen.png,"One small,circular,smooth colonic polyp on the center."
cju1c0qb4tzi308355wtsnp0y.png,"One large,irregular,smooth colonic polyp on the center."
cju1c4fcu40hl07992b8gj0c8.png,"One small,circular,smooth colonic polyp on the center."
cju1c6yfz42md08550zgoz3pw.png,"One large,circular,smooth colonic polyp on the top middle."
cju1c8ffau5770835g0g343o8.png,"One small,elliptical,partially smooth colonic polyp on the bottom middle."
cju1cdxvz48hw0801i0fjwcnk.png,"One small,circular,smooth colonic polyp on the center."
cju1cfhyg48bb0799cl5pr2jh.png,"One medium,elliptical,smooth colonic polyp on the top right."
cju1cnnziug1l0835yh4ropyg.png,"One medium,irregular,ulcerated colonic polyp on the center."
cju1csmlc4ht10799b8ymmghg.png,"One medium,circular,smooth colonic polyp on the top middle."
cju1cu1u2474n0878tt7v4tdr.png,"Two colonic polyps.One small,elliptical,smooth colonic polyp on the bottom right.One small,elliptical,smooth colonic polyp on the top right."
cju1cvkfwqrec0993wbp1jlzm.png,"One small,circular,smooth colonic polyp on the bottom middle."
cju1cyjb5qtie0993njqne9m3.png,"One large,circular,smooth colonic polyp on the center."
cju1d31sp4d4k0878r3fr02ul.png,"One small,circular,smooth colonic polyp on the center."
cju1d50a94qf50855wsowacrc.png,"One small,elliptical,smooth colonic polyp on the bottom right."
cju1d96gsv62d09881b3wecw2.png,"One large,irregular,ulcerated colonic polyp on the middle right."
cju1dfeupuzlw0835gnxip369.png,"One small,circular,partially smooth colonic polyp on the middle left."
cju1dg44i4z3w0801nyz4p6zf.png,"One small,irregular,smooth colonic polyp on the bottom middle."
cju1dhfok4mhe0878jlgrag0h.png,"One small,elliptical,smooth colonic polyp on the center."
cju1dia8hvc6v098827mgffnm.png,"One small,circular,smooth colonic polyp on the bottom right."
cju1djtprvd7b0988thwwrg09.png,"One small,irregular,smooth colonic polyp on the bottom right."
cju1dnz61vfp40988e78bkjga.png,"One small,irregular,ulcerated colonic polyp on the top right."
cju1dq3x1vgx109889c7wyirg.png,"One small,irregular,smooth colonic polyp on the center."
cju1drnhbrb9409935wi7vkhg.png,"One large,irregular,ulcerated colonic polyp on the bottom right."
cju1efbr0rqxz09931z0lf4vf.png,"One small,irregular,partially smooth colonic polyp on the top right."
cju1egh885m1l0855ci1lt37c.png,"One small,elliptical,smooth colonic polyp on the bottom middle."
cju1egx9pvz2n0988eoy8jp23.png,"One small,irregular,smooth colonic polyp on the bottom middle."
cju1ejj7dvqfa0835ra184v5m.png,"One small,irregular,partially smooth colonic polyp on the center."
cju1erep75us208553i4ofwwe.png,"One medium,irregular,partially smooth colonic polyp on the bottom left."
cju1euant5l960878iqj5vvto.png,"One small,elliptical,smooth colonic polyp on the bottom right."
cju1euuc65wm00799m4sjdnnn.png,"One small,circular,smooth colonic polyp on the center."
cju1ewnoh5z030855vpex9uzt.png,"One small,irregular,smooth colonic polyp on the top right."
cju1expq45zst0855rjqwwj4m.png,"One large,circular,ulcerated colonic polyp on the middle right."
cju1f15k3w4ct0835cmde6ypo.png,"One medium,irregular,ulcerated colonic polyp on the bottom right."
cju1f320ewfyu0988ndz6blh5.png,"One small,irregular,partially smooth colonic polyp on the bottom middle."
cju1f5x1164xv08555654c24r.png,"One medium,irregular,smooth colonic polyp on the middle right."
cju1f79yhsb5w0993txub59ol.png,"One small,circular,smooth colonic polyp on the bottom right."
cju1fb9236a110801yvg0fwju.png,"One large,irregular,partially smooth colonic polyp on the middle left."
cju1ffnjn6ctm08015perkg37.png,"One large,irregular,smooth colonic polyp on the top right."
cju1fj6axwfp30835ukhuzhw9.png,"One large,irregular,partially smooth colonic polyp on the top right."
cju1fjsb4sipq09931lvd8e41.png,"One small,irregular,smooth colonic polyp on the bottom middle."
cju1fm3id6gl50801r3fok20c.png,"One small,circular,smooth colonic polyp on the center."
cju1fmsyf6gxb0801cimx2gle.png,"One small,circular,partially smooth colonic polyp on the bottom right."
cju1fr4etsmrr09933u4t4aql.png,"One large,elliptical,smooth colonic polyp on the bottom right."
cju1ftaji6isw0855108yqcse.png,"One medium,irregular,smooth colonic polyp on the middle right."
cju1fuoa4wmc50835qfd11sp9.png,"One small,elliptical,smooth colonic polyp on the middle right."
cju1fyb1d69et0878muzdak9u.png,"One small,irregular,smooth colonic polyp on the center."
cju1g20bdwq6u0835e16xugcd.png,"One medium,elliptical,ulcerated colonic polyp on the center."
cju1g4nsb6ngy0799l4ezm8ab.png,"One small,circular,smooth colonic polyp on the bottom right."
cju1gghyjwxt80835vx0wgxw0.png,"One large,irregular,partially smooth colonic polyp on the center."
cju1gi7jlwyld0835cdf6g6qz.png,"One small,circular,smooth colonic polyp on the top middle."
cju1gkndf6yi10801o1qnje19.png,"One small,irregular,partially smooth colonic polyp on the middle left."
cju1gv7106qd008784gk603mg.png,"One medium,elliptical,ulcerated colonic polyp on the top right."
cju1h5w4wxajx0835mc954kxy.png,"One small,irregular,smooth colonic polyp on the middle left."
cju1haab178i70799tk9z8y8x.png,"One small,elliptical,smooth colonic polyp on the bottom right."
cju1hhj6mxfp90835n3wofrap.png,"One small,irregular,smooth colonic polyp on the center."
cju1hirfi7ekp0855q0vgm9qq.png,"One small,circular,smooth colonic polyp on the center."
cju1hmff8tkp809931jps6fbr.png,"One large,irregular,ulcerated colonic polyp on the bottom right."
cju1hs0za7jha0855vj0mdrjt.png,"One medium,elliptical,ulcerated colonic polyp on the center."
cju1hyolc7aqu0878rrkfn1lr.png,"One small,circular,smooth colonic polyp on the middle left."
cju2hdr06v2bq0799mbm3bks1.png,"One large,irregular,smooth colonic polyp on the top right."
cju2hewssldzx0835ep795xu0.png,"One small,elliptical,partially smooth colonic polyp on the middle right."
cju2hgsptlfam0835o3b59h1o.png,"One small,elliptical,smooth colonic polyp on the center."
cju2hlm19vjjf0801o69qnber.png,"One medium,irregular,smooth colonic polyp on the top left."
cju2htabevq9108015qjei0x7.png,"One large,irregular,partially smooth colonic polyp on the center."
cju2hugv9vget0799hhk7ksvg.png,"One small,circular,smooth colonic polyp on the top middle."
cju2hw5gjlr5h0988so2qqres.png,"One medium,irregular,partially smooth colonic polyp on the center."
cju2hx006vidl0799igm81vmh.png,"One small,circular,smooth colonic polyp on the center."
cju2i03ptvkiu0799xbbd4det.png,"One small,irregular,partially smooth colonic polyp on the center."
cju2i3hzclw3o0988rrgh911i.png,"One large,cauliflower-shaped,partially smooth colonic polyp on the center."
cju2i6acqvo6l0799u20fift8.png,"One medium,irregular,partially smooth colonic polyp on the center."
cju2i8br1vqtd08784u6vmcjk.png,"One medium,elliptical,smooth colonic polyp on the bottom middle."
cju2iatlki5u309930zmgkv6h.png,"One large,irregular,partially smooth colonic polyp on the bottom right."
cju2igw4gvxds0878808qj398.png,"One large,irregular,partially smooth colonic polyp on the center."
cju2ij9uiic2l09933ljiv6gm.png,"One small,irregular,smooth colonic polyp on the center."
cju2lcyfgkf5809932fn9gucn.png,"One small,elliptical,smooth colonic polyp on the top middle."
cju2lejzcy4pc0878c9rlonot.png,"One large,irregular,ulcerated colonic polyp on the bottom right."
cju2lyynuymli0855g7fxgbhe.png,"One small,irregular,partially smooth colonic polyp on the center."
cju2lz8vqktne0993fuym6drw.png,"One small,elliptical,partially smooth colonic polyp on the bottom middle."
cju2m56cryvqd0801gtn2yp8t.png,"One small,irregular,smooth colonic polyp on the middle left."
cju2m71z2ywwv080131bcrsd3.png,"One small,irregular,smooth colonic polyp on the bottom middle."
cju2ma647l0nj0993ot4deq2q.png,"Two colonic polyps.One small,cauliflower-shaped,partially smooth colonic polyp on the bottom middle.One small,cauliflower-shaped,partially smooth colonic polyp on the center."
cju2mfjndoz700988b9lc3zeq.png,"One small,elliptical,partially smooth colonic polyp on the center."
cju2nbdpmlmcj0993s1cht0dz.png,"One large,irregular,smooth colonic polyp on the bottom right."
cju2nd7l7z98o0799gfjvyfmw.png,"One medium,circular,smooth colonic polyp on the bottom right."
cju2nfnvxzdkd0878399axlco.png,"One medium,irregular,partially smooth colonic polyp on the middle left."
cju2nguelpmlj0835rojdn097.png,"One medium,elliptical,smooth colonic polyp on the bottom middle."
cju2nqapmzvk20801f9us40dx.png,"Two colonic polyps.One small,irregular,partially smooth colonic polyp on the middle left.One small,elliptical,smooth colonic polyp on the bottom middle."
cju2nsmwjlzyl0993jl80chvz.png,"One small,circular,smooth colonic polyp on the center."
cju2ntxtdzlvu0799xl3j9pan.png,"One small,irregular,partially smooth colonic polyp on the bottom right."
cju2nyc5f02m40801ojqbtiea.png,"One small,elliptical,partially smooth colonic polyp on the bottom middle."
cju2oi8sq0i2y0801mektzvw8.png,"One large,irregular,partially smooth colonic polyp on the center."
cju2okvco06xc0799kxe5n1qh.png,"One large,circular,partially smooth colonic polyp on the center."
cju2oo0wh0bqy0878biujeyhe.png,"One small,circular,smooth colonic polyp on the center."
cju2oq5570avm079959o20op1.png,"One medium,irregular,partially smooth colonic polyp on the bottom middle."
cju2otvvv0l7z0855x7we8cb0.png,"One small,elliptical,smooth colonic polyp on the bottom left."
cju2ouil2mssu0993hvxsed6d.png,"One small,circular,smooth colonic polyp on the center."
cju2p0eveqtdc0835gpi3p93i.png,"One small,elliptical,partially smooth colonic polyp on the middle left."
cju2p4ddkmzxj0993p94o62av.png,"One small,circular,partially smooth colonic polyp on the bottom middle."
cju2p91qir00k08350ddfif0w.png,"One small,cauliflower-shaped,smooth colonic polyp on the center."
cju2phaksnahz0993yxogjcpv.png,"One small,elliptical,smooth colonic polyp on the bottom left."
cju2pjb9v0ywn0878j5g5n69j.png,"One small,elliptical,smooth colonic polyp on the center."
cju2pkwt3r8b90988v2ywq1px.png,"One small,circular,smooth colonic polyp on the top left."
cju2pmhtr17a00855cvpelzb0.png,"One small,circular,smooth colonic polyp on the bottom right."
cju2qdj95ru8g09886gfi9rsz.png,"One large,irregular,partially smooth colonic polyp on the center."
cju2qfie4rvz508357kad9z5o.png,"One medium,irregular,ulcerated colonic polyp on the center."
cju2qh5le1ock0878oahaql7d.png,"One medium,irregular,smooth colonic polyp on the bottom right."
cju2qn2fzs1vy0988l243cvzy.png,"One medium,irregular,partially smooth colonic polyp on the bottom right."
cju2qozsk20cq0855ugrg3cri.png,"One small,elliptical,smooth colonic polyp on the bottom right."
cju2qqn5ys4uo0988ewrt2ip2.png,"One large,irregular,ulcerated colonic polyp on the center."
cju2qs32r1vys07999conmbvx.png,"One small,elliptical,smooth colonic polyp on the top right."
cju2qtee81yd708787bsjr75d.png,"One small,irregular,smooth colonic polyp on the bottom middle."
cju2qu37qobl50993aw7ghcfq.png,"One small,irregular,smooth colonic polyp on the center."
cju2qvuj1s9ok0835tp2k4ozh.png,"One large,irregular,smooth colonic polyp on the bottom right."
cju2qxxko229x08786gvxxhur.png,"One large,irregular,partially smooth colonic polyp on the center."
cju2qz06823a40878ojcz9ccx.png,"One small,elliptical,partially smooth colonic polyp on the middle right."
cju2r11x7sdgx0988o8ule0wl.png,"One medium,irregular,partially smooth colonic polyp on the bottom right."
cju2r2obh2bjm08553kng0rh7.png,"One medium,irregular,smooth colonic polyp on the center."
cju2r6mt2om21099352pny5gw.png,"One large,irregular,ulcerated colonic polyp on the top middle."
cju2r7h21sj9608354gzks3ae.png,"One small,elliptical,partially smooth colonic polyp on the bottom middle."
cju2r91dg2k090801bh0xzbxk.png,"One small,elliptical,ulcerated colonic polyp on the top left."
cju2raxlosl630988jdbfy9b0.png,"One large,irregular,ulcerated colonic polyp on the bottom middle."
cju2ricdv2iys0878sv1adh0u.png,"One large,irregular,partially smooth colonic polyp on the center."
cju2rkjfwoxys0993x768l1j2.png,"One large,irregular,smooth colonic polyp on the center."
cju2rlqdnoz9k0993cpjae3x0.png,"One medium,irregular,partially smooth colonic polyp on the middle right."
cju2rn0hasxri0835nfy3buay.png,"One small,circular,smooth colonic polyp on the bottom middle."
cju2rnkt22xep0801as160g9t.png,"Two colonic polyps.One small,circular,smooth colonic polyp on the bottom left.One small,irregular,smooth colonic polyp on the center."
cju2ro5jqsy680988pi6qsujw.png,"One large,cauliflower-shaped,smooth colonic polyp on the bottom right."
cju2rpa30t07b0835im0erql0.png,"One small,elliptical,smooth colonic polyp on the middle left."
cju2rxm8rpbaf0993o3qr2oph.png,"One small,irregular,smooth colonic polyp on the middle right."
cju2rz4k434s70855wwx3ddtx.png,"Two colonic polyps.One small,irregular,partially smooth colonic polyp on the bottom left.One medium,irregular,partially smooth colonic polyp on the center."
cju2rzpsmtb0f0835jabkbao1.png,"One small,circular,partially smooth colonic polyp on the center."
cju2s16zp317h0799gr67jqc2.png,"One large,irregular,ulcerated colonic polyp on the top left."
cju2s2527pfyr0993l3h1149a.png,"One small,circular,smooth colonic polyp on the bottom right."
cju2s9g11pnra0993gn4eh793.png,"One large,irregular,partially smooth colonic polyp on the center."
cju2saez63gxl08559ucjq3kt.png,"One medium,elliptical,smooth colonic polyp on the top middle."
cju2sevf53lkx08558h5bpaig.png,"One medium,irregular,ulcerated colonic polyp on the middle right."
cju2sggy13na70855tbeoqgha.png,"One large,irregular,smooth colonic polyp on the center."
cju2spdagu1l50835da1f46fr.png,"One small,elliptical,smooth colonic polyp on the center."
cju2srvy5440s0801y1ba9akr.png,"One large,irregular,smooth colonic polyp on the middle right."
cju2sszfq3uye0878sucelzk2.png,"One large,circular,smooth colonic polyp on the center."
cju2suk42469908015ngmq6f2.png,"One small,elliptical,partially smooth colonic polyp on the center."
cju2sxf3iqbpv09937iksn8ep.png,"One medium,irregular,smooth colonic polyp on the top left."
cju2syxa93yw40799x2iuwabz.png,"One small,circular,partially smooth colonic polyp on the center."
cju2t16vuucaq0835xcpsivn2.png,"One small,cauliflower-shaped,partially smooth colonic polyp on the top middle."
cju2t2ivz43i10878zeg8r1br.png,"One small,elliptical,smooth colonic polyp on the top middle."
cju2t3ibkuecr0835o7si16zv.png,"One small,circular,smooth colonic polyp on the center."
cju2t62nq45jl0799odpufwx6.png,"One medium,cauliflower-shaped,partially smooth colonic polyp on the middle right."
cju2t9tdwuk700835kv0ljmtl.png,"One medium,irregular,smooth colonic polyp on the middle left."
cju2ti1du4idn0878giuozonw.png,"One small,irregular,smooth colonic polyp on the bottom right."
cju2tjrog4jy30878pawyazqc.png,"One small,irregular,partially smooth colonic polyp on the top right."
cju2tpfa5uyx408359datxqqj.png,"One small,irregular,smooth colonic polyp on the top left."
cju2tqfgw4oat0799rn0g5b2z.png,"One medium,irregular,partially smooth colonic polyp on the middle right."
cju2trbpkv0c00988hxla5dzz.png,"One medium,irregular,partially smooth colonic polyp on the top left."
cju2trtjf4qjd0878a2zle9v9.png,"One small,elliptical,smooth colonic polyp on the bottom middle."
cju2tvrvm53ws0801a0jfjdxg.png,"One small,irregular,smooth colonic polyp on the top middle."
cju2txjfzv60w098839dcimys.png,"One small,elliptical,partially smooth colonic polyp on the center."
cju2tzypl4wss0799ow05oxb9.png,"One large,circular,smooth colonic polyp on the bottom right."
cju2u2b9o4zvp08788qb9nqxj.png,"One large,irregular,partially smooth colonic polyp on the middle right."
cju2u4pymvc720988wsxrmi84.png,"One large,irregular,smooth colonic polyp on the middle left."
cju2u73dj53oz0878486k8k4b.png,"One medium,circular,smooth colonic polyp on the middle left."
cju2ueb6j5ado0878vf5md13o.png,"Two colonic polyps.One small,irregular,smooth colonic polyp on the bottom middle.One small,elliptical,smooth colonic polyp on the top left."
cju2ulk385h170799rlklxob0.png,"One large,irregular,partially smooth colonic polyp on the top right."
cju2uokeg5jm20799xwgsyz89.png,"One large,irregular,partially smooth colonic polyp on the center."
cju2upu4evw7g08358guwozxv.png,"One small,circular,partially smooth colonic polyp on the center."
cju2urqpwvxw70835rvndvtsi.png,"One small,elliptical,smooth colonic polyp on the top left."
cju2uwz9f5yf1085506cfamfx.png,"One large,irregular,smooth colonic polyp on the center."
cju2uy8ox62jo0801g88hh42z.png,"One small,elliptical,smooth colonic polyp on the top right."
cju2uzabhs6er0993x3aaf87p.png,"Two colonic polyps.One small,irregular,smooth colonic polyp on the top middle.One small,circular,smooth colonic polyp on the middle right."
cju2wtwj87kys0855kx6mddzw.png,"One large,irregular,partially smooth colonic polyp on the bottom left."
cju2wx0gh7fpz0878wwyd9ep8.png,"One small,circular,smooth colonic polyp on the center."
cju2wxv0hxs2f09884w48v8fi.png,"One small,elliptical,smooth colonic polyp on the center."
cju2wzu8wxtgu09880ku9x1pg.png,"One medium,elliptical,partially smooth colonic polyp on the bottom left."
cju2x7vw87mu30878hye2ca0m.png,"Three colonic polyps.One small,elliptical,smooth colonic polyp on the bottom left.One medium,irregular,partially smooth colonic polyp on the bottom middle.One small,circular,smooth colonic polyp on the middle left."
cju2xa3i4y0160988i679zsqd.png,"One small,irregular,smooth colonic polyp on the center."
cju2xbk0080y80801eghyddi2.png,"One small,elliptical,partially smooth colonic polyp on the top middle."
cju2xd75m82720801q4s4ik3n.png,"One small,elliptical,smooth colonic polyp on the center."
cju2xf8e5y2wm08359vcgk09b.png,"One large,circular,ulcerated colonic polyp on the middle right."
cju2xjz2ju8pe0993ysv9wg17.png,"One medium,irregular,partially smooth colonic polyp on the bottom middle."
cju2xlcqxy9c60988vjacdznb.png,"One medium,irregular,smooth colonic polyp on the top middle."
cju2xs6na81t20878pt6nkfip.png,"One large,cauliflower-shaped,partially smooth colonic polyp on the middle right."
cju2xwm1s84l50799i60mq0pu.png,"One small,irregular,smooth colonic polyp on the top right."
cju2xyd9vyi7m098831qcucse.png,"One large,irregular,ulcerated colonic polyp on the center."
cju2y0z6g87p10878fpk5d3rq.png,"One large,cauliflower-shaped,partially smooth colonic polyp on the center."
cju2y26c588bo07993ksd8eoz.png,"One small,circular,smooth colonic polyp on the bottom right."
cju2y5zas8m7f0801d34g5owq.png,"Two colonic polyps.One large,irregular,ulcerated colonic polyp on the bottom left.One small,irregular,partially smooth colonic polyp on the top right."
cju2y8s56ymqr083541ggdsml.png,"One small,irregular,smooth colonic polyp on the bottom right."
cju2yb31a8e8u0878wdashg7o.png,"One medium,,smooth colonic polyp on the middle right."
cju2ycp1u8g2r0799jslnp7cz.png,"One small,irregular,smooth colonic polyp on the center."
cju2yg5ht8i4p087800js8hp4.png,"One medium,irregular,ulcerated colonic polyp on the middle right."
cju2yljr0yzhw0988ecf271ly.png,"One medium,circular,smooth colonic polyp on the center."
cju2ysg748ru80878sp6j0gm0.png,"One large,irregular,smooth colonic polyp on the center."
cju2yw4s7z7p20988lmf2gdgd.png,"One small,elliptical,smooth colonic polyp on the middle right."
cju2yyhsp933j0855hp32e012.png,"One medium,elliptical,smooth colonic polyp on the middle right."
cju2z1nxlzaj40835wj81s1iy.png,"One medium,irregular,partially smooth colonic polyp on the center."
cju2z2x3nvd3c099350zgty7w.png,"One small,elliptical,smooth colonic polyp on the center."
cju2z45kuzf6d0988nz2c819m.png,"One small,elliptical,smooth colonic polyp on the center."
cju2z6ez69g4u0801qwt088lw.png,"One large,irregular,smooth colonic polyp on the middle left."
cju2z9vlp9j0w0801oag91sy9.png,"One small,irregular,partially smooth colonic polyp on the center."
cju2zblxw9848087853csbrx1.png,"One small,irregular,partially smooth colonic polyp on the middle right."
cju2zdhsczmn50988z64qwg2q.png,"Two colonic polyps.One small,irregular,smooth colonic polyp on the middle right.One small,elliptical,smooth colonic polyp on the top left."
cju2zdvjn9h7r08553cp4eed5.png,"One small,circular,smooth colonic polyp on the middle left."
cju2zgbj9zmrw0835nnlzxj4c.png,"One large,cauliflower-shaped,partially smooth colonic polyp on the center."
cju2zi4l09f5807991s8do2b2.png,"One small,elliptical,partially smooth colonic polyp on the top middle."
cju2zjcvj9qma0801dk71hhi0.png,"Two colonic polyps.One small,irregular,ulcerated colonic polyp on the middle left.One large,irregular,smooth colonic polyp on the center."
cju2zkpdl9h7t0799ix60teqg.png,"One small,elliptical,smooth colonic polyp on the center."
cju2zm0axztpe0988r8s9twjr.png,"One small,irregular,smooth colonic polyp on the top middle."
cju2zo0fwzv580988qlijd2xa.png,"Two colonic polyps.One small,elliptical,smooth colonic polyp on the center.One small,irregular,smooth colonic polyp on the middle right."
cju2zpw4q9vzr0801p0lysjdl.png,"One small,elliptical,smooth colonic polyp on the center."
cju2zr3c3vwb00993jn06bbaz.png,"One small,elliptical,smooth colonic polyp on the bottom middle."
cju2zrojo9kcd0878ld2epejq.png,"One small,elliptical,smooth colonic polyp on the top right."
cju2zxja9w1eh09933609ho9z.png,"One small,elliptical,smooth colonic polyp on the center."
cju2zy1e49pqk0878t6ncqn12.png,"One small,irregular,ulcerated colonic polyp on the bottom right."
cju300m3s04fg0988uzupuf7z.png,"One medium,irregular,ulcerated colonic polyp on the top middle."
cju302fqq9spc0878rrygyzzz.png,"One medium,elliptical,partially smooth colonic polyp on the middle left."
cju303j5r062k098835zxfds5.png,"One small,irregular,partially smooth colonic polyp on the center."
cju30525w04r10835ygp257sb.png,"One small,irregular,smooth colonic polyp on the bottom right."
cju306x7w05nb0835cunv799x.png,"One medium,circular,smooth colonic polyp on the top middle."
cju30bmab08bi0835mvlr6e0r.png,"One small,circular,partially smooth colonic polyp on the top middle."
cju30df2j09dd08351ayx2t6w.png,"One small,irregular,partially smooth colonic polyp on the center."
cju30ftgja7170855xl9bkdm0.png,"One large,irregular,partially smooth colonic polyp on the middle right."
cju30ia8da2bq0799klnehml2.png,"Two colonic polyps.One large,irregular,partially smooth colonic polyp on the bottom middle.One large,irregular,partially smooth colonic polyp on the middle right."
cju30k2z40ds308353kdew70n.png,"One small,circular,smooth colonic polyp on the bottom middle."
cju30lncba3ny0878jwnous8n.png,"One small,elliptical,smooth colonic polyp on the top middle."
cju30mm25a53s0799qa5wiqe8.png,"One small,elliptical,smooth colonic polyp on the bottom middle."
cju30nyxe0gfb0835p256yoju.png,"One large,irregular,partially smooth colonic polyp on the center."
cju30ov1oah920801mi8thuyg.png,"One small,elliptical,smooth colonic polyp on the top right."
cju30qbm1ad3x0855znuhpz9u.png,"One large,irregular,smooth colonic polyp on the center."
cju30u1hbakn808019g15nb8b.png,"One small,elliptical,smooth colonic polyp on the center."
cju30xqmh0ni00835ix3batv1.png,"One medium,irregular,smooth colonic polyp on the middle left."
cju30ywtc0oar0835bp2en7ec.png,"One medium,circular,smooth colonic polyp on the bottom left."
cju310f6val1v0855xo8tc3gu.png,"One large,irregular,partially smooth colonic polyp on the center."
cju3128yi0rpu0988o4oo5n8n.png,"One small,elliptical,smooth colonic polyp on the bottom right."
cju31rb7vb6110801p9rhacuw.png,"One small,circular,smooth colonic polyp on the middle right."
cju31t8xd17bk0835rnb893jk.png,"Two colonic polyps.One small,circular,smooth colonic polyp on the bottom right.One small,elliptical,smooth colonic polyp on the bottom right."
cju31ugmfb3dz0855xtqshki6.png,"One small,elliptical,smooth colonic polyp on the center."
cju31y80qbawn0801twwm2l5s.png,"One medium,irregular,partially smooth colonic polyp on the middle right."
cju320gyvbch60801v2amdi2g.png,"One medium,irregular,smooth colonic polyp on the top right."
cju323ypb1fbb0988gx5rzudb.png,"One large,cauliflower-shaped,partially smooth colonic polyp on the bottom middle."
cju324q101fhe08350wae9cif.png,"One small,elliptical,smooth colonic polyp on the top left."
cju326h4v1gxw08352px40p7r.png,"One large,irregular,partially smooth colonic polyp on the center."
cju3280wv1ir009882jze27tc.png,"One medium,irregular,ulcerated colonic polyp on the center."
cju32a52lb9rc0799xi40qs00.png,"Three colonic polyps.One small,irregular,partially smooth colonic polyp on the middle left.One large,irregular,partially smooth colonic polyp on the center.One small,irregular,partially smooth colonic polyp on the middle right."
cju32csyfblyh080170aa3x5p.png,"One medium,circular,smooth colonic polyp on the center."
cju32fhnhbds40799broyoptc.png,"One small,irregular,smooth colonic polyp on the center."
cju32gzs6xo8x0993r8tedbpb.png,"Two colonic polyps.One small,elliptical,partially smooth colonic polyp on the middle left.One small,irregular,partially smooth colonic polyp on the bottom middle."
cju32jcdabepz0878d0cznmfe.png,"One medium,irregular,smooth colonic polyp on the middle right."
cju32l161bi1v07990vm376in.png,"One small,elliptical,smooth colonic polyp on the middle right."
cju32phw2bv130801yj7bkouq.png,"One large,irregular,ulcerated colonic polyp on the center."
cju32pzh9bpw10855q4vaxfhe.png,"One small,irregular,smooth colonic polyp on the top middle."
cju32qr9tbvsj08013pkpjenq.png,"One small,irregular,smooth colonic polyp on the center."
cju32upim1z7u0988l883nqp6.png,"One medium,irregular,smooth colonic polyp on the center."
cju32zhbnc1oy0801iyv1ix6p.png,"One large,irregular,partially smooth colonic polyp on the middle right."
cju330ofbc2l30801th5g3hw6.png,"One small,irregular,smooth colonic polyp on the bottom right."
cju33231uy4gi0993qc7b1jch.png,"One small,irregular,partially smooth colonic polyp on the middle right."
cju334jzo261t0835yqudnfs1.png,"One medium,irregular,partially smooth colonic polyp on the middle right."
cju336l68y7if0993wf092166.png,"One medium,irregular,smooth colonic polyp on the center."
cju3381d8bz3h07991xtl7ra0.png,"One small,cauliflower-shaped,smooth colonic polyp on the top left."
cju33belnbyhm0878yxl42233.png,"Two colonic polyps.One small,elliptical,smooth colonic polyp on the top left.One small,elliptical,smooth colonic polyp on the bottom right."
cju33eqwbcch208012jikwdky.png,"One medium,irregular,partially smooth colonic polyp on the bottom middle."
cju33jon3ygbj0993pu22a4k6.png,"One small,irregular,smooth colonic polyp on the bottom middle."
cju33mirdc8mj0799k33wzoes.png,"One medium,irregular,partially smooth colonic polyp on the bottom right."
cju33o12x2jm50988944mxq0v.png,"One small,circular,smooth colonic polyp on the center."
cju33qpdvc9g0087825jhf3s9.png,"One small,irregular,smooth colonic polyp on the bottom left."
cju33w4sdcivk0855x879zht7.png,"One small,irregular,smooth colonic polyp on the center."
cju33x0f22peh0988g0ln7w5v.png,"One small,circular,smooth colonic polyp on the center."
cju33yemn2qb20988wfjxximx.png,"One small,irregular,smooth colonic polyp on the bottom middle."
cju33za6l2qy70988jhrlp2ev.png,"One small,irregular,smooth colonic polyp on the middle left."
cju34aozyyy830993bn16u32n.png,"Two colonic polyps.One medium,irregular,smooth colonic polyp on the top middle.One medium,irregular,smooth colonic polyp on the bottom middle."
cju34c1xfyz920993itxkkfad.png,"One large,irregular,smooth colonic polyp on the center."
cju34ds2531520988qjpqt6e3.png,"One medium,irregular,smooth colonic polyp on the center."
cju34eqjpcpm508788b3lhp97.png,"One small,elliptical,smooth colonic polyp on the bottom right."
cju34fojcctcf0799ebolbvkn.png,"One small,elliptical,smooth colonic polyp on the top right."
cju34i3qvcyog0855qiejxx5w.png,"One large,irregular,partially smooth colonic polyp on the center."
cju34o6dbd2lo0855aqlcy1hs.png,"One small,irregular,smooth colonic polyp on the top middle."
cju34ouumcznz07996gg1xq7v.png,"One medium,circular,smooth colonic polyp on the center."
cju34repocy5208780gswillm.png,"One medium,irregular,partially smooth colonic polyp on the bottom left."
cju34sh43d8zm08019xbwhc0o.png,"One medium,irregular,smooth colonic polyp on the bottom left."
cju34uhepd3dd0799hs8782ad.png,"One small,elliptical,smooth colonic polyp on the center."
cju34ymm8d6700799uop0cw33.png,"One small,elliptical,smooth colonic polyp on the bottom middle."
cju34zivp3fq80988opxbaqyn.png,"One small,circular,smooth colonic polyp on the center."
cju3518w2d838079939fqztbc.png,"One medium,irregular,partially smooth colonic polyp on the bottom middle."
cju3521y5d5mq0878t3ezsu4p.png,"One small,irregular,smooth colonic polyp on the center."
cju353d1eda8c07992afde611.png,"One small,irregular,partially smooth colonic polyp on the top right."
cju35740hzm0g0993zl5ic246.png,"One small,irregular,smooth colonic polyp on the bottom middle."
cju357rxxdaz30878y2esjpjt.png,"One small,irregular,smooth colonic polyp on the top middle."
cju358pwtdby20878cg7nm0np.png,"One small,irregular,smooth colonic polyp on the middle left."
cju35a77vdj4n08556jj2lgmc.png,"One large,irregular,partially smooth colonic polyp on the center."
cju35atpxdjot0855q46aqrd0.png,"One small,elliptical,smooth colonic polyp on the top left."
cju35c4wzdhow0799h6eq4sgs.png,"One medium,irregular,ulcerated colonic polyp on the bottom right."
cju35eg0tdmjt085525sb4bua.png,"One small,irregular,smooth colonic polyp on the middle right."
cju35fxqyzt5p0993vusm54qz.png,"One medium,irregular,partially smooth colonic polyp on the center."
cju35i2e63uxr0835h7zgkg9k.png,"One medium,cauliflower-shaped,smooth colonic polyp on the center."
cju35k2fr3vc50988c85qkrwg.png,"Two colonic polyps.One small,elliptical,smooth colonic polyp on the bottom left.One small,irregular,smooth colonic polyp on the middle right."
cju35ldepdtlm0801yv79y8vu.png,"One small,irregular,partially smooth colonic polyp on the top left."
cju35mdz73x890835eynq1h9v.png,"One medium,elliptical,partially smooth colonic polyp on the center."
cju35oyvd3y850988km12hdz1.png,"One small,irregular,smooth colonic polyp on the middle left."
cju3tsh4lfsok0987w6x3a0v1.png,"One large,cauliflower-shaped,partially smooth colonic polyp on the top middle."
cju3ttznuftyf09875t11850w.png,"One small,irregular,smooth colonic polyp on the center."
cju3tvffffx5f0818t5ov22al.png,"One medium,circular,smooth colonic polyp on the top left."
cju3tx1qyg0c907552fglumhc.png,"One small,elliptical,ulcerated colonic polyp on the top middle."
cju3u1c8tfyqx08503iedc3mx.png,"One medium,irregular,smooth colonic polyp on the center."
cju3u39fog1bo0871lxjrabks.png,"One small,elliptical,partially smooth colonic polyp on the top middle."
cju3u4lxmg59o0755rz42b9en.png,"One medium,irregular,partially smooth colonic polyp on the bottom middle."
cju3u815rg4ek0850vvhtcvcm.png,"One large,irregular,partially smooth colonic polyp on the center."
cju3ua8u0g9rg0801uayhdxhu.png,"One medium,cauliflower-shaped,smooth colonic polyp on the bottom middle."
cju3ul8dogf1z09872y2ecowp.png,"One small,elliptical,smooth colonic polyp on the middle right."
cju3umoh1geet0817cmpef5am.png,"One small,irregular,ulcerated colonic polyp on the bottom middle."
cju3uwz6ogsp10801h2r3bj5l.png,"One small,irregular,partially smooth colonic polyp on the middle left."
cju3uz4o6gr9z0850lhxyxvsj.png,"One medium,circular,smooth colonic polyp on the center."
cju3v0fl3gwce0755qkjhzmd4.png,"One medium,irregular,ulcerated colonic polyp on the middle right."
cju3v3ac9gyz30755hfqwyp1i.png,"One small,elliptical,smooth colonic polyp on the top middle."
cju3v56bwgy8v0871w14pz8fx.png,"Two colonic polyps.One small,irregular,smooth colonic polyp on the middle left.One small,irregular,smooth colonic polyp on the top middle."
cju3v664kh0px0818y4y7wolf.png,"One small,irregular,smooth colonic polyp on the middle right."
cju3v72v5h1qz0818fggilwtq.png,"One small,elliptical,smooth colonic polyp on the bottom left."
cju3wstckialg0871xs0vevsj.png,"One large,circular,smooth colonic polyp on the top middle."
cju3x2s11ibzi0817kk284k0j.png,"One small,irregular,smooth colonic polyp on the bottom left."
cju3x4blzieu30850x10uuvbm.png,"Two colonic polyps.One small,circular,smooth colonic polyp on the center.One small,circular,smooth colonic polyp on the top middle."
cju3x7xsaijq80818f0psavav.png,"One medium,elliptical,smooth colonic polyp on the bottom middle."
cju3x9lttikfb0818a0g104zn.png,"One small,irregular,smooth colonic polyp on the center."
cju3xeexgii1j0817zs68tb4g.png,"One large,irregular,ulcerated colonic polyp on the center."
cju3xhpvvimda0987ygrpzni2.png,"One small,irregular,partially smooth colonic polyp on the top right."
cju3xiic0ilzp0850lusrb42j.png,"One small,elliptical,smooth colonic polyp on the center."
cju3xjqtpikx50817tppy6g84.png,"One medium,elliptical,partially smooth colonic polyp on the middle right."
cju3xl264ingx0850rcf0rshj.png,"One small,cauliflower-shaped,partially smooth colonic polyp on the middle right."
cju3xtufwiv9c0818djsc4cqd.png,"One small,irregular,smooth colonic polyp on the center."
cju3xuj20ivgp0818mij8bjrd.png,"One small,circular,partially smooth colonic polyp on the top middle."
cju3xvoo2iqlc0817eku2r3wl.png,"One small,circular,smooth colonic polyp on the bottom right."
cju3xwpgviwlx0871rwm15q7v.png,"One small,circular,smooth colonic polyp on the bottom middle."
cju3xzvnzj0hd0755xprz39nj.png,"One large,irregular,smooth colonic polyp on the middle right."
cju3y0pjrj1c30755nxekxccj.png,"One small,elliptical,partially smooth colonic polyp on the top right."
cju3y21quj0ir0818kgjagr15.png,"One large,irregular,smooth colonic polyp on the center."
cju3y54kwj3nr0801biidlb4e.png,"One large,irregular,partially smooth colonic polyp on the center."
cju3y79ofj3va0871uqfb1mzo.png,"One small,irregular,smooth colonic polyp on the center."
cju3y9difj6th0801kd1rqm3w.png,"One small,irregular,smooth colonic polyp on the bottom right."
cju3yb47cj1xq0817zfotbni4.png,"One small,circular,smooth colonic polyp on the bottom middle."
cju3yht87j83m08507yk1u1fg.png,"One large,irregular,partially smooth colonic polyp on the center."
cju40jl7skiuo0817p0smlgg8.png,"One large,irregular,partially smooth colonic polyp on the center."
cju40poe4kt9s0755f9cnm3h5.png,"One large,circular,smooth colonic polyp on the center."
cju40r6jrksyk0871wg98zgho.png,"One medium,irregular,ulcerated colonic polyp on the bottom middle."
cju40sdwukv3k0755y99ug1k8.png,"One small,irregular,ulcerated colonic polyp on the bottom middle."
cju40taxlkrho0987smigg0x0.png,"One small,irregular,partially smooth colonic polyp on the bottom left."
cju40u30gkuzc0871rq7t666d.png,"One small,elliptical,smooth colonic polyp on the top middle."
cju40w3hbkwpn08015rbs3wko.png,"One small,elliptical,smooth colonic polyp on the top right."
cju40wto5kxwi0755it190f2k.png,"One small,irregular,smooth colonic polyp on the bottom middle."
cju410dnfl0960755y8lu8d79.png,"One large,irregular,smooth colonic polyp on the middle left."
cju412uwlkva50850d1ps1ww7.png,"One large,irregular,partially smooth colonic polyp on the center."
cju414lf2l1lt0801rl3hjllj.png,unknown
cju418rckl3ur08012psrx1r1.png,"One medium,circular,smooth colonic polyp on the middle right."
cju41kd7yl4nm0850gil5qqwh.png,"One small,elliptical,smooth colonic polyp on the center."
cju41lojblbs307555jdci937.png,"One small,circular,smooth colonic polyp on the center."
cju41nz76lcxu0755cya2qefx.png,"One medium,irregular,smooth colonic polyp on the center."
cju41p90plcsx08018cnzpndc.png,"One small,elliptical,smooth colonic polyp on the bottom middle."
cju41r6v2lcww0871ps8k8pf5.png,"One medium,elliptical,smooth colonic polyp on the bottom left."
cju41s6nbleqy0755e2mslg0b.png,"One small,circular,partially smooth colonic polyp on the center."
cju41z76wlgbz0801qdetlvby.png,"One small,irregular,smooth colonic polyp on the center."
cju422cm8lfxn0818ojicxejb.png,"One small,irregular,partially smooth colonic polyp on the bottom middle."
cju424hy5lckr085073fva1ok.png,"One small,circular,smooth colonic polyp on the bottom middle."
cju426tomlhll0818fc0i7nvh.png,"One small,circular,partially smooth colonic polyp on the middle right."
cju428k5fldt108177s6g6f45.png,"One medium,irregular,partially smooth colonic polyp on the top left."
cju42dwedlmk60871jbgu4ehi.png,"One medium,cauliflower-shaped,partially smooth colonic polyp on the bottom middle."
cju42g865lorv07552ytz6xxa.png,"One medium,circular,partially smooth colonic polyp on the top left."
cju42m60jlpcm08186kqppzqv.png,"One small,irregular,partially smooth colonic polyp on the middle right."
cju42nm68lpyo0818xvvqmupq.png,"One medium,irregular,smooth colonic polyp on the top left."
cju42py9mlqyd0818u3d1d7ga.png,"One small,irregular,smooth colonic polyp on the bottom right."
cju42romflni20817etb9a0fl.png,"One small,circular,ulcerated colonic polyp on the center."
cju42tauqlo5p08171l3cuo4b.png,"One small,circular,partially smooth colonic polyp on the middle left."
cju42u5bjlvi10801dc13sskp.png,"One medium,cauliflower-shaped,smooth colonic polyp on the center."
cju42xpi8lw4w0871ve317a1p.png,"One small,elliptical,smooth colonic polyp on the center."
cju430pm2lz0y0755jkhcc3d1.png,"Two colonic polyps.One medium,irregular,partially smooth colonic polyp on the bottom left.One medium,irregular,partially smooth colonic polyp on the middle right."
cju439oazm2fu0871ma0vvrft.png,"One medium,irregular,partially smooth colonic polyp on the bottom middle."
cju43b8daly4408170e5ev06g.png,"One medium,irregular,partially smooth colonic polyp on the center."
cju43c92lm5cj0755lorsorfg.png,"Three colonic polyps.One small,circular,smooth colonic polyp on the top right.One small,elliptical,smooth colonic polyp on the top right.One small,elliptical,smooth colonic polyp on the top right."
cju43eigtm6ev0801mv0m96t1.png,"One large,irregular,partially smooth colonic polyp on the top middle."
cju43gfosm63n08714rpih8pe.png,"One large,circular,partially smooth colonic polyp on the center."
cju43h43am1dy08176gwfhmnt.png,"One small,elliptical,partially smooth colonic polyp on the center."
cju43in5fm22c08175rxziqrk.png,"One large,irregular,smooth colonic polyp on the middle right."
cju43kj2pm34f0850l28ahpni.png,"One small,circular,smooth colonic polyp on the middle right."
cju43lcnum9y10755bjs7z87f.png,"One small,circular,smooth colonic polyp on the center."
cju43mkj9m8wb0871qiadahub.png,"One small,irregular,smooth colonic polyp on the middle left."
cju43o6n7m9nk087191ijwqq9.png,"One small,elliptical,partially smooth colonic polyp on the top right."
cju45jpvfn6c809873pv1i34s.png,"One medium,circular,smooth colonic polyp on the middle left."
cju45lbgznahl08180xz1h7u6.png,"One small,circular,smooth colonic polyp on the middle left."
cju45n0oxn5vu08500yfrt9jn.png,"One small,irregular,smooth colonic polyp on the bottom right."
cju45ofd9ne1j0801ri8dup7t.png,"One large,irregular,smooth colonic polyp on the center."
cju45pm27n80u08174kyow1gj.png,"One small,irregular,ulcerated colonic polyp on the bottom right."
cju45qbf3n9sa0987oonbkly9.png,"One small,irregular,smooth colonic polyp on the middle right."
cju45t5ddnbio0987qtqzx762.png,"One small,elliptical,ulcerated colonic polyp on the center."
cju5b9oyda4yr0850g9viziyv.png,"One small,circular,smooth colonic polyp on the center."
cju5bbtwsa8cl0987wgfsqpao.png,"One small,circular,smooth colonic polyp on the middle right."
cju5bdwa3aatx0818b79i18zf.png,"One small,circular,smooth colonic polyp on the bottom right."
cju5bf6hxa6m50817rbwettgu.png,"One small,irregular,smooth colonic polyp on the top right."
cju5bhv81abur0850ean02atv.png,"One medium,irregular,partially smooth colonic polyp on the top right."
cju5bj926aiec07559rshy4wa.png,"One small,elliptical,smooth colonic polyp on the bottom right."
cju5bmhdcafs909878qfzrqzi.png,"One medium,irregular,smooth colonic polyp on the bottom middle."
cju5boicjagt20871b1fotkh4.png,"One large,irregular,smooth colonic polyp on the middle right."
cju5buy2bal250818ipl6fqwv.png,"One medium,irregular,smooth colonic polyp on the middle left."
cju5bwhapakm90987c1v4z46a.png,"One small,irregular,smooth colonic polyp on the center."
cju5bycdkalkb09875f7bfrvx.png,"One large,irregular,partially smooth colonic polyp on the middle left."
cju5c5xc7algd0817pb1ej5yo.png,"One medium,irregular,partially smooth colonic polyp on the center."
cju5c7oijaqmq09878qwgqv8n.png,"One medium,circular,smooth colonic polyp on the bottom left."
cju5ca9hcatkc0801jzwe7tfx.png,"One medium,irregular,smooth colonic polyp on the top middle."
cju5ccpvqash50850kb4bs22k.png,"One medium,irregular,smooth colonic polyp on the bottom middle."
cju5cetivauok0987ok3e5bre.png,"One medium,elliptical,partially smooth colonic polyp on the bottom middle."
cju5chrxxawka0871qcj171yz.png,"One medium,elliptical,smooth colonic polyp on the center."
cju5cjh3xattc0817j2vbulzi.png,"Two colonic polyps.One small,elliptical,smooth colonic polyp on the middle right.One small,irregular,smooth colonic polyp on the top middle."
cju5cu8qkb84x08186jwo8yin.png,"One small,irregular,smooth colonic polyp on the bottom right."
cju5ddda9bkkt0850enzwatb1.png,"One small,irregular,smooth colonic polyp on the top middle."
cju5eftctcdbj08712gdp989f.png,"One large,irregular,ulcerated colonic polyp on the middle right."
cju5ekty5ckzf07550c9u3ckk.png,"One medium,irregular,smooth colonic polyp on the center."
cju5enq1tcn1i0755hnkon787.png,"One medium,cauliflower-shaped,smooth colonic polyp on the center."
cju5eq8c8ck690850vix98hv3.png,"One large,cauliflower-shaped,ulcerated colonic polyp on the top right."
cju5es375cnzy0801nkq35ffs.png,"One small,elliptical,partially smooth colonic polyp on the middle left."
cju5ew4h9cqaf0818rrczkmqh.png,"One large,circular,partially smooth colonic polyp on the center."
cju5eyfe9cpk90987laa7tsl3.png,"One large,circular,ulcerated colonic polyp on the center."
cju5f0dezct4q08183ydw11dx.png,"One small,irregular,smooth colonic polyp on the middle right."
cju5f26ebcuai0818xlwh6116.png,"One small,irregular,smooth colonic polyp on the top right."
cju5f8hxdcxxn08188obby0ea.png,"One small,elliptical,smooth colonic polyp on the middle right."
cju5fb86jd1jp0755b1ukbhq5.png,"One large,cauliflower-shaped,partially smooth colonic polyp on the top left."
cju5fi0yxd3ei0801v7u0yudn.png,"One small,elliptical,smooth colonic polyp on the center."
cju5fs6j6d8350801vglraq4u.png,"One large,cauliflower-shaped,ulcerated colonic polyp on the middle left."
cju5ft6mcd5q40987rhjgbrr6.png,"One medium,elliptical,smooth colonic polyp on the bottom middle."
cju5fu081d8gc0818l3yylujk.png,"One small,elliptical,partially smooth colonic polyp on the bottom left."
cju5fw37edaae0801vkwvocn7.png,"One small,elliptical,smooth colonic polyp on the center."
cju5fydrud94708507vo6oy21.png,"One large,irregular,partially smooth colonic polyp on the center."
cju5g163vd6mt0817uccuga6u.png,"One small,irregular,smooth colonic polyp on the bottom middle."
cju5gucasds9d0801019axylx.png,"One small,elliptical,smooth colonic polyp on the center."
cju5h57xedz5h0755mjpc8694.png,"One large,irregular,partially smooth colonic polyp on the middle left."
cju5hjxaae3i40850h5z2laf5.png,"One medium,irregular,partially smooth colonic polyp on the bottom left."
cju5hl8nee8a40755fm8qjj0o.png,"One small,circular,smooth colonic polyp on the middle right."
cju5hqz50e7o90850e0prlpa0.png,"One medium,irregular,ulcerated colonic polyp on the center."
cju5ht88gedbu0755xrcuddcx.png,"One medium,irregular,smooth colonic polyp on the top middle."
cju5huurrecm70801y680y13m.png,"One small,irregular,partially smooth colonic polyp on the bottom right."
cju5hwonqedw10801vsd3w6kk.png,"One medium,elliptical,partially smooth colonic polyp on the center."
cju5i39mreass0817au8p22zy.png,"One medium,irregular,partially smooth colonic polyp on the middle left."
cju5i5oh2efg60987ez6cpf72.png,"One large,irregular,partially smooth colonic polyp on the middle right."
cju5jx7jzf7c90871c2i9aiov.png,"One medium,irregular,ulcerated colonic polyp on the top middle."
cju5jz5fff8c50871hbe6108f.png,"One medium,elliptical,partially smooth colonic polyp on the top middle."
cju5k503sfa5f0871lx0rpu5y.png,"One medium,irregular,ulcerated colonic polyp on the middle right."
cju5k7r0yf98c09878csbxb4d.png,"One small,circular,smooth colonic polyp on the top middle."
cju5klveuff6w0871wbibgh3m.png,"One small,circular,smooth colonic polyp on the center."
cju5knbbqfipk080128cggukq.png,"One large,irregular,smooth colonic polyp on the middle right."
cju5kre09fhka0850h7b1898j.png,"One small,irregular,ulcerated colonic polyp on the center."
cju5ktjwofed70817eg58ef7u.png,"One small,irregular,smooth colonic polyp on the center."
cju5nxkujgscq0817l9gss626.png,"One medium,irregular,ulcerated colonic polyp on the bottom middle."
cju5nyu31gv8e0871zpk74a2n.png,"One small,circular,smooth colonic polyp on the middle right."
cju5o1vu9gz8a0818eyy92bns.png,"One medium,irregular,smooth colonic polyp on the bottom left."
cju5tenjojp1j0755ms4949h2.png,"One medium,circular,partially smooth colonic polyp on the middle left."
cju5tgbzhjllu08174ca41eus.png,"One small,irregular,partially smooth colonic polyp on the top middle."
cju5thdbrjp1108715xdfx356.png,"One small,circular,partially smooth colonic polyp on the bottom middle."
cju5u4pywk81x0817vn9pe14z.png,"One small,circular,smooth colonic polyp on the bottom right."
cju5u6wf0kh1t0755bg1ssixv.png,"One large,irregular,ulcerated colonic polyp on the center."
cju5u8gz4kj5b07552e2wpkwp.png,"One large,irregular,smooth colonic polyp on the top middle."
cju5udcufki0s09874ll1dbr5.png,"One medium,irregular,ulcerated colonic polyp on the bottom right."
cju5ufn3skquf0818dhapnhba.png,"One small,circular,smooth colonic polyp on the center."
cju5uget8krjy0818kvywd0zu.png,"One small,elliptical,smooth colonic polyp on the center."
cju5uhrdwkmsu0817ervv91l8.png,"One small,circular,smooth colonic polyp on the top right."
cju5ukkg6kv7u08011x2b6zl5.png,"One medium,circular,partially smooth colonic polyp on the bottom middle."
cju5uxjnol2r509871qv2yeia.png,"One small,irregular,smooth colonic polyp on the top right."
cju5uzmaol56l0817flxh4w9p.png,"One small,elliptical,smooth colonic polyp on the center."
cju5v8pgplg6k0755rvi2t63h.png,"One small,irregular,partially smooth colonic polyp on the center."
cju5vbo6jldrt0871jf6f1700.png,"One small,elliptical,smooth colonic polyp on the middle right."
cju5vcmrqla7i0817x4sp4pqw.png,"One small,circular,smooth colonic polyp on the center."
cju5vgawslbe30987ndeepc1b.png,"One large,irregular,partially smooth colonic polyp on the middle right."
cju5vi4nxlc530817uoqm2m7a.png,"One medium,irregular,partially smooth colonic polyp on the middle right."
cju5von04litr08718j8po40a.png,"One small,irregular,partially smooth colonic polyp on the middle right."
cju5vutu7ll8w0871dfp92n9p.png,"One medium,circular,smooth colonic polyp on the center."
cju5vwbr4lhqn0987a1pji0ux.png,"One small,irregular,partially smooth colonic polyp on the bottom left."
cju5vxuc5loxw0818u8xgf45p.png,"One small,irregular,smooth colonic polyp on the center."
cju5vzjoslpj708186z2fusmz.png,"One small,elliptical,smooth colonic polyp on the middle right."
cju5w7xn0lrkq0801f9k0htgx.png,"One small,irregular,partially smooth colonic polyp on the bottom middle."
cju5waeduln160817w0agirve.png,"One small,irregular,smooth colonic polyp on the bottom middle."
cju5wcc90lu020850mjrxppv6.png,"One small,irregular,smooth colonic polyp on the center."
cju5wi6bqlxy90755bu227nvb.png,"One small,elliptical,smooth colonic polyp on the center."
cju5wj0faly5008187n6530af.png,"One small,elliptical,smooth colonic polyp on the center."
cju5wkonqlrl409877y8zvnub.png,"One medium,elliptical,partially smooth colonic polyp on the middle right."
cju5wmvsdlx1j0871npgj8j4b.png,"One small,irregular,smooth colonic polyp on the center."
cju5woy82m07m08505dmjg7g1.png,"One medium,circular,smooth colonic polyp on the bottom middle."
cju5wphwwlu3m0987hh3ltg88.png,"One small,elliptical,smooth colonic polyp on the bottom right."
cju5wqonpm0e60801z88ewmy1.png,"One small,elliptical,partially smooth colonic polyp on the middle right."
cju5wrapcm2290818jsh26ppb.png,"One small,circular,smooth colonic polyp on the center."
cju5wtdu4m0im0871mix0yvc0.png,"One small,elliptical,partially smooth colonic polyp on the top right."
cju5wuhm1lwm40987vugqn3vv.png,"One small,circular,smooth colonic polyp on the middle right."
cju5x15djm7ae0755h8czf6nt.png,"One small,irregular,smooth colonic polyp on the top right."
cju5x28nzm7t907558ocq4bt7.png,"One medium,irregular,partially smooth colonic polyp on the top middle."
cju5x7iskmad90818frchyfwd.png,"One medium,irregular,partially smooth colonic polyp on the bottom left."
cju5xneamme2p0801qdf7fdwv.png,"One small,irregular,ulcerated colonic polyp on the top left."
cju5xopi0md7q0871r1sjc1av.png,"One small,elliptical,smooth colonic polyp on the middle right."
cju5y7buemcw80987p0r30g9f.png,"One medium,irregular,smooth colonic polyp on the middle left."
cju5y84q3mdv50817eyp82xf3.png,"One small,elliptical,smooth colonic polyp on the center."
cju5yclrymlgj0818k426ud6z.png,"One small,elliptical,partially smooth colonic polyp on the middle right."
cju5ygh1zmmdi0755uod5e17i.png,"One medium,irregular,ulcerated colonic polyp on the bottom middle."
cju5yhgznmkzb0801cji2vi8j.png,"One small,elliptical,smooth colonic polyp on the center."
cju5yimthmlv80850zhoc90c2.png,"One small,elliptical,smooth colonic polyp on the bottom middle."
cju5yjq1pmlgc0801z0t24bly.png,"One medium,irregular,smooth colonic polyp on the bottom middle."
cju5ymyd8mmdc0801ry3by1xr.png,"One small,irregular,smooth colonic polyp on the middle right."
cju6ur9l9v9jq0755paud9uka.png,"One small,circular,smooth colonic polyp on the center."
cju6ut4l8va6y0755tyw3vfqq.png,"One small,circular,partially smooth colonic polyp on the bottom right."
cju6uzxk0v83p0801rcwnexdu.png,"One large,irregular,ulcerated colonic polyp on the bottom left."
cju6v3bb2v7xo085090blubyw.png,"Two colonic polyps.One small,irregular,smooth colonic polyp on the bottom left.One small,irregular,ulcerated colonic polyp on the top middle."
cju6v4szov55u0871qmqz3v8n.png,"One large,elliptical,partially smooth colonic polyp on the bottom left."
cju6v5ilsv8hk0850rb5sgh6o.png,"One small,elliptical,smooth colonic polyp on the middle right."
cju6v6g6kvdw007552x6mb0po.png,"One medium,irregular,smooth colonic polyp on the bottom middle."
cju6vgdmivcvb08018fra5lnv.png,"One medium,irregular,smooth colonic polyp on the middle right."
cju6vqarjv7yo0987q4b1btk1.png,"One small,irregular,smooth colonic polyp on the bottom right."
cju6vta3kvazg0817qbeppjtm.png,"One large,irregular,ulcerated colonic polyp on the middle right."
cju6vucxvvlda0755j7msqnya.png,"Two colonic polyps.One small,circular,smooth colonic polyp on the top middle.One small,circular,smooth colonic polyp on the center."
cju6vvb8svhed0801jjcquh5e.png,"One small,elliptical,smooth colonic polyp on the middle left."
cju6vvxsev9y30987kespucdg.png,"One small,circular,partially smooth colonic polyp on the top right."
cju6w733bveoz0817e600tw72.png,"One small,irregular,smooth colonic polyp on the bottom left."
cju6wi3akvn8r0801px8eligc.png,"One large,irregular,partially smooth colonic polyp on the center."
cju6wjm81vgsc0987enk9n3pr.png,"One large,irregular,ulcerated colonic polyp on the bottom middle."
cju6wll7wvo3y08502pagos8m.png,"One medium,irregular,smooth colonic polyp on the center."
cju6wn57mvooj0850rp78hhy7.png,"One large,irregular,partially smooth colonic polyp on the center."
cju6wt9jvvn500871hjn3t3g0.png,"One medium,circular,ulcerated colonic polyp on the center."
cju6wuojavt740818b5qcv3iw.png,"One large,cauliflower-shaped,ulcerated colonic polyp on the top middle."
cju6x35ervu2808015c7eoqe4.png,"One medium,irregular,smooth colonic polyp on the middle left."
cju6x4t13vyw60755gtcf9ndu.png,"One medium,elliptical,ulcerated colonic polyp on the middle right."
cju6x97w4vwua0850x0997r0a.png,"One small,elliptical,smooth colonic polyp on the middle left."
cju6xa0qmvzun0818xjukgncj.png,"One small,elliptical,smooth colonic polyp on the center."
cju6xifswvwbo0987nibtdr50.png,"One large,elliptical,smooth colonic polyp on the bottom right."
cju6xlygpw7bs0818n691jsq4.png,"One large,irregular,smooth colonic polyp on the middle right."
cju6xmqd9w0250817l5kxfnsk.png,"One small,elliptical,smooth colonic polyp on the middle right."
cju6ywm40wdbo0987pbftsvtg.png,"One medium,circular,partially smooth colonic polyp on the top right."
cju6yxyt0wh080871sqpepu47.png,"One small,irregular,ulcerated colonic polyp on the center."
cju6yywx1whbb0871ksgfgf9f.png,"One small,irregular,smooth colonic polyp on the top right."
cju6z1bzbwfq50817b2alatvr.png,"One large,irregular,smooth colonic polyp on the bottom right."
cju6z2616wqbk07555bvnuyr1.png,"One small,elliptical,smooth colonic polyp on the bottom right."
cju6z600qwh4z081700qimgl9.png,"One small,circular,smooth colonic polyp on the bottom right."
cju6z7e4bwgdd0987ogkzq9kt.png,"One medium,irregular,smooth colonic polyp on the bottom right."
cju6z9a9kwsl007552s49rx6i.png,"Two colonic polyps.One medium,elliptical,smooth colonic polyp on the bottom middle.One small,circular,smooth colonic polyp on the center."
cju76erapykj30871x5eaxh4q.png,"One medium,circular,smooth colonic polyp on the middle right."
cju76l27oyrw907551ri2a7fl.png,"One large,elliptical,partially smooth colonic polyp on the middle right."
cju76lsehyia10987u54vn8rb.png,"One small,irregular,smooth colonic polyp on the middle right."
cju76o55nymqd0871h31sph9w.png,"One small,elliptical,smooth colonic polyp on the top left."
cju77196iyshb0850ycbto50a.png,"One large,irregular,ulcerated colonic polyp on the middle right."
cju772304yw5t0818vbw8kkjf.png,"One small,circular,smooth colonic polyp on the middle right."
cju773hsyyosz0817pk1e7sjq.png,"One small,elliptical,partially smooth colonic polyp on the middle right."
cju774fmayxif0818u2g79usw.png,"One small,elliptical,smooth colonic polyp on the bottom right."
cju7787c5yy3l080159mwqsnj.png,"One small,irregular,smooth colonic polyp on the middle right."
cju77afzlz3kp07550x5nafzs.png,"One large,irregular,partially smooth colonic polyp on the middle left."
cju77b3wyz4160755qis4ljsb.png,"One small,irregular,smooth colonic polyp on the bottom middle."
cju77bvg0yv4r0987yh60xmjo.png,"One small,elliptical,smooth colonic polyp on the top middle."
cju77g99iyxc00817zqi2ppor.png,"One large,irregular,partially smooth colonic polyp on the middle right."
cju77idwfz36d0871tzfzz51i.png,"One medium,irregular,smooth colonic polyp on the bottom middle."
cju77j66ez52p08019xygi0co.png,"One small,elliptical,smooth colonic polyp on the center."
cju77k828z46w0871r0avuoo9.png,"One small,irregular,partially smooth colonic polyp on the top middle."
cju77q10sz9ug0801449wu1nu.png,"One small,irregular,smooth colonic polyp on the top right."
cju77re6fz5bb0817vp9redjg.png,"One small,irregular,smooth colonic polyp on the center."
cju77t0razbvm080106o56289.png,"One large,irregular,ulcerated colonic polyp on the middle left."
cju77u1sjz77b0817ft44r3fk.png,"One small,irregular,smooth colonic polyp on the top left."
cju77vvcwzcm50850lzoykuva.png,"One small,irregular,smooth colonic polyp on the bottom left."
cju783tmkzkqu081803g7q5vk.png,"One small,irregular,smooth colonic polyp on the center."
cju784jpdzeae0987q5ypq883.png,"One small,circular,smooth colonic polyp on the bottom right."
cju785htizjzo08017tvlhtg4.png,"One small,circular,smooth colonic polyp on the top middle."
cju787jnjzjuj0871p94nck9g.png,"One medium,irregular,smooth colonic polyp on the top right."
cju7adqyj1jcx08712r1ro5gx.png,"One large,irregular,partially smooth colonic polyp on the center."
cju7ae7bq1f820987toc8si1d.png,"One small,irregular,smooth colonic polyp on the top middle."
cju7aez2x1jtj0871ztezs3oi.png,"One small,irregular,smooth colonic polyp on the top middle."
cju7afqon1ip40850ue2308b6.png,"One small,elliptical,partially smooth colonic polyp on the middle right."
cju7agj961l2r0818z29iq8yn.png,"One small,circular,partially smooth colonic polyp on the center."
cju7ahtkb1jr90801jck4kbds.png,"One medium,irregular,partially smooth colonic polyp on the bottom right."
cju7aifyo1p3n07552nxjx51f.png,"One small,irregular,smooth colonic polyp on the top middle."
cju7aklv31h4309871m29l4e7.png,"One small,elliptical,partially smooth colonic polyp on the center."
cju7alcgr1lsr0871riqk84z7.png,"One small,irregular,ulcerated colonic polyp on the top right."
cju7amjna1ly40871ugiokehb.png,"One medium,irregular,partially smooth colonic polyp on the bottom right."
cju7ap09p1kz10850ldccjebj.png,"One small,irregular,partially smooth colonic polyp on the middle right."
cju7apr0c1qqm0755s7msqot4.png,"One medium,elliptical,ulcerated colonic polyp on the center."
cju7aqkue1i2k09879uzcpt8r.png,"One small,irregular,smooth colonic polyp on the top right."
cju7arvfe1ldu0850erdmphgj.png,"One medium,irregular,smooth colonic polyp on the center."
cju7atnm31if40817pqclnjer.png,"One medium,irregular,ulcerated colonic polyp on the bottom left."
cju7avvi51iox0817ym55y6tt.png,"One large,irregular,partially smooth colonic polyp on the center."
cju7azuu31mia0801pf9ib5ed.png,"One small,elliptical,smooth colonic polyp on the bottom middle."
cju7b10ce1mnm08011c5bwyr4.png,"One medium,irregular,partially smooth colonic polyp on the top right."
cju7b1ygu1msd0801hywhy0mc.png,"One medium,irregular,partially smooth colonic polyp on the top right."
cju7b2l561oas0871decgslaf.png,"One small,circular,partially smooth colonic polyp on the bottom left."
cju7b3f5h1sm40755i572jden.png,"One medium,irregular,smooth colonic polyp on the bottom right."
cju7b4mtw1n9n080186209f3d.png,"One small,irregular,smooth colonic polyp on the top middle."
cju7b5afm1nfw0801xqm8bf8q.png,"One small,irregular,partially smooth colonic polyp on the top left."
cju7b9vcs1luz0987ta60j1dy.png,"One medium,irregular,partially smooth colonic polyp on the bottom right."
cju7bb3ss1uoo0755pmhyco7t.png,"One medium,irregular,smooth colonic polyp on the center."
cju7bc95p1mdm0817yqj5jc6j.png,"One small,irregular,ulcerated colonic polyp on the center."
cju7bduyq1rjf08719giru9ho.png,"One medium,circular,smooth colonic polyp on the bottom middle."
cju7bf1lp1shi081835vs84lc.png,"One large,irregular,smooth colonic polyp on the center."
cju7bfx651qr80801cs7epotb.png,"One medium,irregular,ulcerated colonic polyp on the bottom middle."
cju7bmi1v1pnj0987pa52jjok.png,"One medium,elliptical,ulcerated colonic polyp on the center."
cju7cl8zm1xcu0817ado0jpas.png,"One large,irregular,smooth colonic polyp on the center."
cju7cp6dw244p0818gncdol4m.png,"One small,elliptical,partially smooth colonic polyp on the bottom right."
cju7cq6su27qv075574dir0r3.png,"One medium,irregular,ulcerated colonic polyp on the top middle."
cju7csvlb22fr0850lvm45n3x.png,"One large,irregular,smooth colonic polyp on the middle right."
cju7ctvqn25dy08186g442m1r.png,"One medium,irregular,ulcerated colonic polyp on the top middle."
cju7cue9b232j0801qdzk1ykj.png,"One small,circular,smooth colonic polyp on the top middle."
cju7cufm7298k0755j09uf3of.png,"One small,circular,partially smooth colonic polyp on the center."
cju7d1tvt25bu08019dvw3uff.png,"One large,irregular,partially smooth colonic polyp on the bottom left."
cju7d2q1k27nf08715zshsckt.png,"One medium,irregular,smooth colonic polyp on the bottom right."
cju7d3oc82cho0755dajlwldz.png,"One medium,irregular,partially smooth colonic polyp on the middle left."
cju7d4jk723eu0817bqz2n39m.png,"One medium,irregular,partially smooth colonic polyp on the center."
cju7d5m0p23kn09871rk7pu3v.png,"One large,irregular,smooth colonic polyp on the center."
cju7d6ux323ze0987xos3srkx.png,"One large,irregular,smooth colonic polyp on the center."
cju7d7aut2a2p0818z4uxc6cd.png,"One small,elliptical,smooth colonic polyp on the bottom middle."
cju7d7tly27h408016fyp5nr7.png,"One medium,elliptical,partially smooth colonic polyp on the center."
cju7d8m3b2e210755l8fj1yph.png,"One large,irregular,smooth colonic polyp on the top right."
cju7d9seq29zd0871nzl2uu5m.png,"One medium,irregular,ulcerated colonic polyp on the center."
cju7db7lp2f400755tntd1ohf.png,"One large,irregular,smooth colonic polyp on the top right."
cju7dbppn28nx085097654msi.png,"One large,circular,smooth colonic polyp on the middle right."
cju7dda8w2br20818zhsuz8s7.png,"One large,irregular,partially smooth colonic polyp on the bottom right."
cju7deifq2fzn0755lc8idyh8.png,"One small,irregular,partially smooth colonic polyp on the middle right."
cju7dff9529h208503w60lbil.png,"One large,irregular,partially smooth colonic polyp on the center."
cju7dglf226g50987ohbthl19.png,"One medium,irregular,smooth colonic polyp on the top right."
cju7dhpsc2dnn0818025m6857.png,"One large,irregular,ulcerated colonic polyp on the center."
cju7dizi82h2i0755doucgnt3.png,"One small,irregular,smooth colonic polyp on the middle left."
cju7dlk532dsh0871zvr6qz0r.png,"One medium,elliptical,ulcerated colonic polyp on the middle right."
cju7dmlgf2ebw0871ieqas5fh.png,"Three colonic polyps.One small,elliptical,smooth colonic polyp on the top left.One small,irregular,partially smooth colonic polyp on the middle left.One small,circular,smooth colonic polyp on the top middle."
cju7dn24o296i09871qfxb8s2.png,"One medium,irregular,partially smooth colonic polyp on the middle right."
cju7dp3dw2k4n0755zhe003ad.png,"One small,irregular,smooth colonic polyp on the bottom right."
cju7dqcwi2dz00850gcmr2ert.png,"One small,circular,smooth colonic polyp on the bottom middle."
cju7druhp2gp308715i6km7be.png,"One large,irregular,ulcerated colonic polyp on the top left."
cju7dsrtb2f8i085064kwugfk.png,"One small,elliptical,partially smooth colonic polyp on the bottom left."
cju7dtb1e2j0t0818deq51ib3.png,"One medium,elliptical,ulcerated colonic polyp on the bottom right."
cju7dubap2g0w0801fgl42mg9.png,"One large,irregular,ulcerated colonic polyp on the center."
cju7dvl5m2n4t0755hlnnjjet.png,"One small,circular,smooth colonic polyp on the top right."
cju7dwe282dc309876rco45ts.png,"One large,irregular,partially smooth colonic polyp on the middle left."
cju7dxffn2eam0817qxosfwch.png,"One medium,irregular,partially smooth colonic polyp on the middle right."
cju7dz5yy2i7z0801ausi7rna.png,"One small,circular,partially smooth colonic polyp on the center."
cju7ea4om2l910801bohqjccy.png,"One small,irregular,smooth colonic polyp on the middle right."
cju7ebe962hr409872ovibahw.png,"One large,irregular,partially smooth colonic polyp on the top middle."
cju7eea9b2m0z0801ynqv1fqu.png,"Two colonic polyps.One small,irregular,smooth colonic polyp on the bottom right.One small,irregular,smooth colonic polyp on the top left."
cju7efffp2ivf0817etg3jehl.png,"One large,cauliflower-shaped,partially smooth colonic polyp on the center."
cju7ehljc2or70871261br8ai.png,"One large,cauliflower-shaped,partially smooth colonic polyp on the bottom right."
cju7ejm2l2ncl0801wq6y84nw.png,"One small,irregular,smooth colonic polyp on the middle left."
cju7ekbo32pft0871fv7kzwb9.png,"One small,circular,smooth colonic polyp on the bottom middle."
cju7el6xv2k520817qxx9wdr5.png,"One large,circular,ulcerated colonic polyp on the center."
cju7emdni2py40871ivhxjtut.png,"One large,irregular,partially smooth colonic polyp on the center."
cju7eotqi2qea0871y8yc7tqh.png,"One large,irregular,partially smooth colonic polyp on the center."
cju7epwj82koz098713apjnzo.png,"One small,elliptical,smooth colonic polyp on the top left."
cju7er4kc2opa0801anuxc0eb.png,"One medium,cauliflower-shaped,smooth colonic polyp on the center."
cju7es23b2vcp0755gpbm9s7v.png,"One large,circular,smooth colonic polyp on the bottom right."
cju7et17a2vjk0755e743npl1.png,"Two colonic polyps.One small,irregular,smooth colonic polyp on the bottom left.One small,circular,smooth colonic polyp on the top right."
cju7etr3y2p4t0801cdzjj8ab.png,"One small,irregular,smooth colonic polyp on the center."
cju7eueum2oqn0850rodmx8zo.png,"One small,circular,smooth colonic polyp on the top middle."
cju7ev2b12owa08500bpfpwyw.png,"One medium,irregular,partially smooth colonic polyp on the bottom left."
cju7evxt12m730987rxivne3x.png,"One large,irregular,smooth colonic polyp on the center."
cju7ey10f2rvf0871bwbi9x82.png,"One small,elliptical,partially smooth colonic polyp on the center."
cju7ez7r22qbc08015xfoz2wb.png,"One large,irregular,partially smooth colonic polyp on the top middle."
cju7ezs7g2mxm098787atbran.png,"One small,elliptical,smooth colonic polyp on the middle right."
cju7f0ec32txj08184asb8w5f.png,"One small,circular,smooth colonic polyp on the bottom middle."
cju7f4sc62xqj075597xpmuoy.png,"One medium,elliptical,smooth colonic polyp on the middle right."
cju7f5ghb2r5s0801chwkxxh9.png,"One large,irregular,partially smooth colonic polyp on the center."
cju7f6cqy2ur20818t1saazbm.png,"One medium,irregular,smooth colonic polyp on the bottom right."
cju7f900s2o0k08175gl1giid.png,"One medium,irregular,ulcerated colonic polyp on the top left."
cju7f9umg2olj0987fj5y285w.png,"One medium,elliptical,partially smooth colonic polyp on the center."
cju7fazv92ywx0755xov2erga.png,"One large,circular,smooth colonic polyp on the bottom middle."
cju7fd6yt2p740987wkr8exo1.png,"One small,circular,smooth colonic polyp on the middle right."
cju7fen322ou10817ziqkob4k.png,"Three colonic polyps.One small,irregular,smooth colonic polyp on the center.One small,elliptical,smooth colonic polyp on the top left.One small,elliptical,smooth colonic polyp on the top left."
cju7ff97z2ow40817u2r83my5.png,"One small,elliptical,partially smooth colonic polyp on the top middle."
cju7flevb2wii08188otgs9p2.png,"One large,cauliflower-shaped,ulcerated colonic polyp on the center."
cju7fmvpk2q170987v6i3ola8.png,"One medium,irregular,smooth colonic polyp on the middle left."
cju7fnfv02tt90801djnix9m8.png,"One small,irregular,smooth colonic polyp on the center."
cju7fob3x301u0755x985pmmq.png,"One small,irregular,smooth colonic polyp on the center."
cju7fq7mm2pw508176uk5ugtx.png,"One large,irregular,ulcerated colonic polyp on the top middle."
cju7frtqu2xa20818wq8r9fzf.png,"One medium,irregular,ulcerated colonic polyp on the bottom middle."
cju7g7ba42z310987bqzbi2bq.png,"One large,irregular,partially smooth colonic polyp on the middle right."
cju83h9ysjwe808716nt35oah.png,"One small,irregular,smooth colonic polyp on the bottom middle."
cju83ipu3jwpx0801z5pvguf8.png,"One small,elliptical,smooth colonic polyp on the bottom middle."
cju83k8fyjsxr0817d6nxs6r4.png,"One small,irregular,smooth colonic polyp on the bottom left."
cju83kxitjv340987z09m0ezy.png,"One small,elliptical,smooth colonic polyp on the center."
cju83mki1jv5w0817kubxm31r.png,"One large,irregular,smooth colonic polyp on the bottom right."
cju83nwu1jxte0987h1krpfmv.png,"One small,irregular,ulcerated colonic polyp on the bottom right."
cju83qd0yjyht0817ktkfl268.png,"One large,irregular,partially smooth colonic polyp on the middle left."
cju83rcnzkbsj0755x5anfrcg.png,"One small,circular,smooth colonic polyp on the center."
cju83syhdk6gs0801rf1rekdl.png,"One small,circular,smooth colonic polyp on the top middle."
cju83u9ftk3ni0987qnhlcinv.png,"One large,irregular,ulcerated colonic polyp on the center."
cju83vvmik9wa08710yeh7cuk.png,"One small,irregular,smooth colonic polyp on the center."
cju83wwn1k55e0850kw6i2d81.png,"One small,irregular,partially smooth colonic polyp on the bottom right."
cju83yddek68q0850d2x7zfkm.png,"One medium,irregular,partially smooth colonic polyp on the bottom left."
cju8402x1kcy70801t6kz6bdi.png,"One medium,irregular,partially smooth colonic polyp on the center."
cju8418jhkf7d0818ga2v0xq0.png,"One large,irregular,smooth colonic polyp on the center."
cju8432cmkgq90871cxe4iptl.png,"One large,irregular,smooth colonic polyp on the center."
cju843yjskhq30818qre4rwm2.png,"One small,elliptical,smooth colonic polyp on the middle right."
cju846ec0kj7z08012o10klrb.png,"One small,cauliflower-shaped,smooth colonic polyp on the top right."
cju847pxykriq0755268ktrk2.png,"One medium,irregular,partially smooth colonic polyp on the center."
cju849c23kgnk0817cgv2hw1e.png,"One small,circular,partially smooth colonic polyp on the middle left."
cju84aoa3ktwn0755pfl4gfwd.png,"One large,irregular,partially smooth colonic polyp on the bottom middle."
cju84dsvaklpx098750hp83x4.png,"One large,irregular,partially smooth colonic polyp on the center."
cju84ffdzkrjn08183jh1fxmb.png,"One small,elliptical,partially smooth colonic polyp on the bottom middle."
cju84gpefknwm098714oq8q61.png,"One medium,irregular,smooth colonic polyp on the top right."
cju84ih17kp5l09876bkooocl.png,"One small,irregular,partially smooth colonic polyp on the middle right."
cju84jdl9kv0i0871eog9b3i9.png,"One medium,irregular,smooth colonic polyp on the middle left."
cju84kplnl1y30755ropua1b0.png,"One large,irregular,partially smooth colonic polyp on the center."
cju8567gdlcbq0801dwwyo2jt.png,"One large,irregular,partially smooth colonic polyp on the bottom middle."
cju857ad0l88m0817qx4cwxnf.png,"One medium,cauliflower-shaped,ulcerated colonic polyp on the center."
cju858eswlepn0871pzvdrhj1.png,"One large,irregular,partially smooth colonic polyp on the bottom right."
cju85a8h8llwm07559wxg4t5w.png,"One small,elliptical,ulcerated colonic polyp on the center."
cju85bf1algsq0871y9gtlq97.png,"One small,irregular,ulcerated colonic polyp on the center."
cju85c2d4ln1b0755zz1z3onx.png,"One small,circular,smooth colonic polyp on the bottom middle."
cju85citjlnfm0755i4rk5tqj.png,"One small,circular,smooth colonic polyp on the top middle."
cju85dx63lic408017f0l0400.png,"One small,elliptical,smooth colonic polyp on the center."
cju85fc11ljr40818edpb0inh.png,"One large,irregular,partially smooth colonic polyp on the bottom right."
cju85hguellg50818kwu3s8d1.png,"One large,irregular,partially smooth colonic polyp on the top right."
cju85ia1slh220987y7c20sm2.png,"One small,circular,smooth colonic polyp on the middle right."
cju85je7vlht70817c9jcjwi4.png,"One large,irregular,smooth colonic polyp on the bottom left."
cju85l4yjlops0801fvmnwptf.png,"One large,irregular,partially smooth colonic polyp on the middle left."
cju85mpuglq8k0818d2it6hzb.png,"One medium,irregular,partially smooth colonic polyp on the top middle."
cju85nr8elly209872w9n5m0s.png,"One small,circular,smooth colonic polyp on the bottom middle."
cju85omszllp30850b6rm9mi3.png,"One medium,irregular,smooth colonic polyp on the top middle."
cju85plp7lmkw0850rx42jdpf.png,"One large,irregular,smooth colonic polyp on the middle right."
cju85qefyln6v0850szeb9byi.png,"One large,irregular,partially smooth colonic polyp on the bottom right."
cju85rkbnlo1c08503uxcpax1.png,"One medium,irregular,partially smooth colonic polyp on the bottom middle."
cju87kbcen2av0987usezo8kn.png,"Two colonic polyps.One small,irregular,smooth colonic polyp on the middle left.One small,elliptical,smooth colonic polyp on the top right."
cju87li0zn3yb0817kbwgjiz8.png,"One large,irregular,smooth colonic polyp on the center."
cju87mrypnb1e0818scv1mxxg.png,"One small,irregular,partially smooth colonic polyp on the center."
cju87nkyrnb970801q84m47yt.png,"One small,elliptical,smooth colonic polyp on the bottom right."
cju87ox0kncom0801b98hqnd2.png,"One small,elliptical,smooth colonic polyp on the top middle."
cju87q6yoneim0871dl4phvkd.png,"One large,cauliflower-shaped,smooth colonic polyp on the center."
cju87r56lnkyp0755hz30leew.png,"One large,circular,smooth colonic polyp on the center."
cju87tyddnnad0755bj0wxahe.png,"One large,irregular,ulcerated colonic polyp on the center."
cju87vqa0ndwg0850onjdz7ol.png,"One large,irregular,partially smooth colonic polyp on the center."
cju87xn2snfmv0987sc3d9xnq.png,"One medium,irregular,smooth colonic polyp on the bottom left."
cju87z6o6nh73085045bzsx6o.png,"One small,circular,smooth colonic polyp on the bottom right."
cju87zv8lni0o0850hbbecbq6.png,"One small,elliptical,smooth colonic polyp on the bottom middle."
cju8828oxnool0801qno9luhr.png,"One medium,cauliflower-shaped,ulcerated colonic polyp on the middle right."
cju884985nlmx0817vzpax3y4.png,"Two colonic polyps.One small,elliptical,partially smooth colonic polyp on the middle right.One small,elliptical,smooth colonic polyp on the middle right."
cju885ikhnmkn09878s2lqtuh.png,"One small,irregular,partially smooth colonic polyp on the center."
cju886ryxnsl50801r93jai7q.png,"One medium,elliptical,partially smooth colonic polyp on the center."
cju887ftknop008177nnjt46y.png,"One small,elliptical,smooth colonic polyp on the center."
cju888fr7nveu0818r9uwtiit.png,"One medium,irregular,smooth colonic polyp on the middle right."
cju88aq6vo1ij0755c2ey7z7n.png,"One large,irregular,ulcerated colonic polyp on the middle right."
cju88evxanv9r08176zkeovec.png,"One medium,irregular,partially smooth colonic polyp on the top right."
cju88fpm4o0tl0871w1i6a4ds.png,"One small,elliptical,smooth colonic polyp on the top middle."
cju88gx09o2vk0818610zody3.png,"One small,irregular,partially smooth colonic polyp on the middle right."
cju88itqbny720987hxizbj5y.png,"One medium,cauliflower-shaped,partially smooth colonic polyp on the center."
cju88k75inzyb0850ccv5x3vk.png,"One medium,irregular,smooth colonic polyp on the top middle."
cju88l66no10s0850rsda7ej1.png,"One large,irregular,smooth colonic polyp on the center."
cju88msmoo3470817m441j4sg.png,"One medium,irregular,smooth colonic polyp on the middle right."
cju88nroho44508500129f1nh.png,"One small,elliptical,smooth colonic polyp on the center."
cju88oh0po9gq0801nge4tgr1.png,"One small,elliptical,smooth colonic polyp on the bottom right."
cju88q6h6obpd0871ckmiabbo.png,"Three colonic polyps.One small,elliptical,smooth colonic polyp on the bottom middle.One small,elliptical,smooth colonic polyp on the middle right.One small,elliptical,smooth colonic polyp on the top middle."
cju88rl5eo94l0850kf5wtrm1.png,"One large,cauliflower-shaped,partially smooth colonic polyp on the center."
cju88trl3ogi208716qvti51b.png,"One small,elliptical,smooth colonic polyp on the center."
cju88v2f9oi8w0871hx9auh01.png,"One small,elliptical,smooth colonic polyp on the bottom middle."
cju88y1mwoln50871emyfny1g.png,"One large,cauliflower-shaped,partially smooth colonic polyp on the center."
cju88z8bson4h0871nnd7fdxo.png,"One small,irregular,partially smooth colonic polyp on the center."
cju890guyoiti098753yg6cdu.png,"One small,irregular,partially smooth colonic polyp on the center."
cju8914beokbf0850isxpocrk.png,"One small,elliptical,smooth colonic polyp on the middle right."
cju892fesoq2g0801n0e0jyia.png,"One medium,irregular,smooth colonic polyp on the center."
cju893jmdompz0817xn3g1w4h.png,"One medium,circular,smooth colonic polyp on the center."
cju89y9h0puti0818i5yw29e6.png,"One large,cauliflower-shaped,ulcerated colonic polyp on the bottom left."
cju89z6pqpqfx0817mfv8ixjc.png,"One small,irregular,smooth colonic polyp on the top right."
cju8a1jtvpt9m081712iwkca7.png,"One medium,irregular,partially smooth colonic polyp on the middle right."
cju8a2itsq4dv0755ntlovpxe.png,"One small,irregular,partially smooth colonic polyp on the bottom middle."
cju8a3nhbpwnb0850d37fo2na.png,"One small,irregular,partially smooth colonic polyp on the top middle."
cju8a56vxpy780850r45yu4wk.png,"One medium,elliptical,smooth colonic polyp on the center."
cju8a84g0q76m0818hwiggkod.png,"One large,cauliflower-shaped,ulcerated colonic polyp on the center."
cju8abobpqbir08189u01huru.png,"One small,irregular,partially smooth colonic polyp on the bottom middle."
cju8adb60qbiu080188mxpf8d.png,"One small,irregular,smooth colonic polyp on the center."
cju8aeei7q8k308173n9y4klv.png,"One small,elliptical,smooth colonic polyp on the bottom left."
cju8aj01yqeqm0850lhdz3xdw.png,"One medium,circular,partially smooth colonic polyp on the bottom right."
cju8amfdtqi4x09871tygrgqe.png,"One medium,elliptical,partially smooth colonic polyp on the center."
cju8ando2qqdo0818ck7i1be1.png,"One small,elliptical,smooth colonic polyp on the middle right."
cju8apjewqrk00801k5d71gky.png,"One medium,elliptical,smooth colonic polyp on the bottom right."
cju8arof2qpf20850ifr1bnqj.png,"One medium,irregular,smooth colonic polyp on the center."
cju8ashhnquqr0801rwduzt7d.png,"One small,irregular,smooth colonic polyp on the bottom left."
cju8at3s1qqqx0850hcq8nmnq.png,"One small,elliptical,partially smooth colonic polyp on the bottom right."
cju8auylgqx0z0871u4o4db7o.png,"One small,circular,partially smooth colonic polyp on the top middle."
cju8aw9n1qyg10801jkjlmors.png,"One large,irregular,ulcerated colonic polyp on the middle right."
cju8axq24r4an0755yhv9d4ly.png,"One small,circular,smooth colonic polyp on the middle right."
cju8ayeq7r1fb0818z1junacy.png,"One small,circular,smooth colonic polyp on the center."
cju8azmhcr66e0755t61atz72.png,"One medium,elliptical,partially smooth colonic polyp on the middle right."
cju8b0jr0r2oi0801jiquetd5.png,"One small,elliptical,smooth colonic polyp on the bottom right."
cju8b1v3br45u087189kku66u.png,"One large,irregular,smooth colonic polyp on the bottom middle."
cju8b2rmgr52s0801p54eyflx.png,"One medium,irregular,smooth colonic polyp on the center."
cju8b3ka8r64u0801fh18hk7l.png,"One small,irregular,ulcerated colonic polyp on the bottom left."
cju8b4ja9r2s808509d45ma86.png,"One medium,cauliflower-shaped,ulcerated colonic polyp on the top left."
cju8b542nr81x0871uxnkm9ih.png,"One small,elliptical,smooth colonic polyp on the bottom middle."
cju8b5p40r2c60987ofa0mu03.png,"One small,circular,smooth colonic polyp on the bottom middle."
cju8b6rp0r5st0850184f79xt.png,"One large,cauliflower-shaped,smooth colonic polyp on the bottom right."
cju8b7aqtr4a00987coba14b7.png,"One small,elliptical,smooth colonic polyp on the top middle."
cju8b8yair65w09878pyqtr96.png,"One medium,irregular,partially smooth colonic polyp on the bottom right."
cju8bafgqrf4x0818twisk3ea.png,"One medium,irregular,smooth colonic polyp on the center."
cju8bbznkrf5g0871jncffynk.png,"One medium,cauliflower-shaped,partially smooth colonic polyp on the bottom middle."
cju8bff9nrfi10850fmfzbf8v.png,"One medium,elliptical,smooth colonic polyp on the bottom middle."
cju8bgdmqrksy0801tozdmraa.png,"One small,circular,partially smooth colonic polyp on the top middle."
cju8bh8surexp0987o5pzklk1.png,"One medium,circular,partially smooth colonic polyp on the center."
cju8bi8q7rlmn0871abc5ch8k.png,"One small,circular,partially smooth colonic polyp on the top right."
cju8bj2ssrmlm0871gc2ug2rs.png,"One small,circular,smooth colonic polyp on the center."
cju8bljw9rqk20801kr54akrl.png,"One large,irregular,smooth colonic polyp on the center."
cju8bm24yrrdp081829mbo8ic.png,"One small,elliptical,smooth colonic polyp on the center."
cju8bn7m2rmm70817hgxpb1uq.png,"One medium,cauliflower-shaped,smooth colonic polyp on the middle right."
cju8bop5jrsid08716i24fqda.png,"One small,elliptical,partially smooth colonic polyp on the middle right."
cju8bpctzrqkr0850zeldv9kt.png,"One small,irregular,smooth colonic polyp on the top middle."
cju8bqxxurs6i0850mu7mtef9.png,"One medium,circular,smooth colonic polyp on the middle right."
cju8brv16rx7f0818uf5n89pv.png,"One small,circular,smooth colonic polyp on the bottom right."
cju8bssulrrcy0987h1vq5060.png,"One medium,circular,smooth colonic polyp on the bottom middle."
cju8buos5rz9b08715lfr0f4f.png,"One medium,irregular,partially smooth colonic polyp on the top middle."
cju8bw697rwg308177tg8huas.png,"One large,irregular,smooth colonic polyp on the center."
cju8bysfgrzkl081786jwac09.png,"One medium,circular,partially smooth colonic polyp on the center."
cju8bzzy2s66m08016z6mouqt.png,"One small,elliptical,ulcerated colonic polyp on the middle right."
cju8c1a0ws7o208181c6lbsom.png,"One large,irregular,smooth colonic polyp on the top middle."
cju8c3xs7sauj0801ieyzezr5.png,"One medium,irregular,partially smooth colonic polyp on the middle left."
cju8c5223s8j80850b4kealt4.png,"One medium,irregular,smooth colonic polyp on the top middle."
cju8c5mxls96t0850wvkvsity.png,"One medium,circular,smooth colonic polyp on the bottom right."
cju8c5zcbsdfz0801o5t6jag1.png,"One small,elliptical,smooth colonic polyp on the top right."
cju8c6hnxsdvr0801wn0vrsa6.png,"One small,elliptical,smooth colonic polyp on the center."
cju8c82iosagu0817l74s4m5g.png,"One large,cauliflower-shaped,partially smooth colonic polyp on the center."
cju8c9akjsdjj0850s67uzlxq.png,"One medium,irregular,partially smooth colonic polyp on the center."
cju8ca4geseia0850i2ru11hw.png,"One small,irregular,smooth colonic polyp on the top right."
cju8cattbsivm0818p446wgel.png,"One large,irregular,smooth colonic polyp on the center."
cju8cbsyssiqj0871gr4jedjp.png,"One medium,elliptical,partially smooth colonic polyp on the top middle."
cju8cdeazsm8h0801jxifmzur.png,"One medium,irregular,partially smooth colonic polyp on the bottom middle."
cju8ceacrsqkr0755hdz145es.png,"One small,irregular,smooth colonic polyp on the top left."
cju8cgi2kspp308011nxdtjp6.png,"One small,elliptical,smooth colonic polyp on the middle right."
cju8chdlqsu620755azjty1tj.png,"One small,elliptical,partially smooth colonic polyp on the center."
cju8chxndsre008015uisl4si.png,"One small,elliptical,smooth colonic polyp on the top middle."
cju8cj10qsrau0871o2dr6ai1.png,"One small,circular,smooth colonic polyp on the top left."
cju8clorgsuwn08714toqb7v6.png,"One medium,cauliflower-shaped,ulcerated colonic polyp on the bottom left."
cju8cwy02t9eq08185qn12c02.png,"One medium,irregular,smooth colonic polyp on the top middle."
cju8czvnztbf40871b4m7t78w.png,"One medium,irregular,partially smooth colonic polyp on the bottom left."
cju8d2q30tfhs0801n7lx77xl.png,"One medium,irregular,smooth colonic polyp on the bottom right."
cju8dic9mtppa0987swn23wbc.png,"One large,irregular,partially smooth colonic polyp on the bottom left."
cju8djdqztu6408506pzhlo18.png,"One small,irregular,smooth colonic polyp on the top right."
cju8dk7eztzup08182yxko5zh.png,"One small,irregular,ulcerated colonic polyp on the top middle."
cju8dm2cau2km0818jsv9eeq2.png,"One medium,irregular,smooth colonic polyp on the bottom left."
cju8dn0c3u2v50801k8rvq02f.png,"One large,irregular,smooth colonic polyp on the center."
cju8doa16u5gh0818w1ywda3q.png,"One large,irregular,partially smooth colonic polyp on the center."
cju8dpa89u6l80818dj6lldh9.png,"One small,irregular,partially smooth colonic polyp on the bottom left."
cjyzjzssvd8pq0838f4nolj5l.png,"One small,irregular,smooth colonic polyp on the top left."
cjyzk8qieoboa0848ogj51wwm.png,"One large,irregular,partially smooth colonic polyp on the center."
cjyzkmjy8evns070165gf9dmq.png,"One small,circular,smooth colonic polyp on the middle left."
cjyzkpsbjdsjq07211dfi4sru.png,"One small,irregular,smooth colonic polyp on the top middle."
cjyzl833ndne80838pzuq6ila.png,"One medium,cauliflower-shaped,ulcerated colonic polyp on the top middle."
cjyzlw7f9faqr070129au64sq.png,"One small,irregular,smooth colonic polyp on the top middle."
cjyztzaqtrv430848l8xgcerw.png,"One medium,irregular,smooth colonic polyp on the middle right."
cjyzu3reghjya0794w7pwoi50.png,"One medium,irregular,partially smooth colonic polyp on the top right."
cjyzu9th0qt4r0a46pyl4zik0.png,"One small,irregular,smooth colonic polyp on the top left."
cjyzufihqquiw0a46jatrbwln.png,"One large,cauliflower-shaped,partially smooth colonic polyp on the middle right."
cjyzuio1qgh040763k56deohv.png,"One small,circular,smooth colonic polyp on the center."
cjyzul1qggwwj07216mhiv5sy.png,"One small,circular,smooth colonic polyp on the center."
cjyzurzvohqnr0794es1itzek.png,"One medium,elliptical,ulcerated colonic polyp on the center."
cjz14qsk2wci60794un9ozwmw.png,"One small,irregular,smooth colonic polyp on the center."
ck2395w2mb4vu07480otsu6tw.png,"One medium,irregular,smooth colonic polyp on the bottom middle."
ck2bxiswtxuw80838qkisqjwz.png,"Two colonic polyps.One medium,irregular,smooth colonic polyp on the middle right.One large,irregular,smooth colonic polyp on the top left."
ck2bxknhjvs1x0794iogrq49k.png,"Two colonic polyps.One small,elliptical,smooth colonic polyp on the middle right.One medium,elliptical,smooth colonic polyp on the middle right."
ck2bxlujamu330725szlc2jdu.png,"One small,irregular,partially smooth colonic polyp on the bottom middle."
ck2bxpfgxu2mk0748gsh7xelu.png,"One small,irregular,smooth colonic polyp on the bottom right."
ck2bxqz3evvg20794iiyv5v2m.png,"One small,irregular,smooth colonic polyp on the middle left."
ck2bxskgxxzfv08386xkqtqdy.png,"Two colonic polyps.One small,elliptical,smooth colonic polyp on the bottom right.One small,elliptical,smooth colonic polyp on the top middle."
ck2bxw18mmz1k0725litqq2mc.png,"One large,irregular,smooth colonic polyp on the center."
ck2da7fwcjfis07218r1rvm95.png,"One small,elliptical,smooth colonic polyp on the center."
